id	label	comment
1	0	我好想和你一样离开这里
2	0	看着抑郁症跳楼的女孩我也心疼虽然我也想死
3	0	我有抑郁症，我也想去死一死
4	0	饭，我昨天刷微博看到19岁的女孩跳楼了，内心很难受，如果你见到了她帮我跟她道个歉好吗？告诉她这和并不是她的错，是这个社会没有让她体会到温暖。我现在会在你这条微博下面会陪内心绝望的人说会话，聊聊天。
5	0	饭，最近甘肃跳楼那个姑娘是我们这边的，我深深的能理解她跳下去的勇气，我很心痛又觉得她得到了解脱，而我呢，什么时候才能解脱。
6	0	家里附近的学校有个女孩因为感情问题跳楼自杀了，家里人说她迟早要出事的，早点死了她父母也好再生一个，我是不是也应该早点死掉，或者不要出生就好了，活到现在真是浪费他们的生命
7	0	饭，我在父母面前哭，我指责他们。可是其实错的人是我啊。他们是好父母，是我的问题啊。我这种人啊还是死了好吧，但是不敢跳楼割腕，你看我还怕疼，多没用啊
8	0	我真的很讨厌这个世界啊，我想离开这个家，为什么命运从来都不是公平的。我想重新选择我的人生啊。
9	0	我也想去死一死，可我要担心我死后别人会怎么议论我和我的父母，我爸妈要怎样生活下去，我没有勇气，不行，我要撑住，人活着总归要死的，早晚的问题。。。对。。。撑住活下去。。没人会听我说这些话，他们不理解，只会说我闲得想太多，所以我对谁都不会再讲这些话了，没人懂我，只能在这说说我的内心话
10	0	大醉真好 起床送人最后一程了 人死随风散
11	0	以后要买深夜的机票 体会一个人凌晨在路上飘荡的孤独
12	0	自身都难保了，更不想让周围人担心我，跟着我一起，
13	0	可是真的好累阿……毕业好几天了，羡慕别人裙子短裤出门，我短袖长裤出门。跳下去吧，没胆子，不跳吧，听着别人说“死胖子”这种话，我又讨厌别人指指点点的，谢谢自己的胆小，不然我三年前就该死了……
14	0	饭饭我要自杀绝对不跳楼。
15	0	室友说: 真的想死的人就去啊，反正活着也是浪费，生命那么美好。我忽然哑口无言，她说得好像一点错都没有诶。但又想了想，我并不觉得生命美好啊，那就去死啊，可是活着又不是只有我自己一个啊？觉得活着不好也是错也是一种罪过，所以就应该去死。可，出生这件事情本身就不是我们想要的啊。
16	0	小饭。我第一次在你这里评论。我活的好累。我也想去死一死。每天装开心真的很累。
17	0	明天就火化了 人死真的随风散了 人生啊 倒不如大醉倒头就睡
18	0	想和你在夏天闷热的夜晚散步 然后一起喝酒或者坐在一起沉默 最后一起离开 可你是谁呢
19	0	我有钱了我就可以离开你离开这个世界
20	0	明年想去菲律宾上班 今年现在又想去死
21	0	羡慕那些老人，不用交际，也要离开这个世界了。恨不得一夜之间变老，80岁了也就没几年可以活了
22	0	不是我想抑郁呀 全世界都在与我为敌 我好累呀 我真的好想死啊 到底还在害怕什么啊 是活着所受的痛苦不够多吗 选择不去追究一切 自己死去 不是最好的吗 饭 我真的好废物啊 对不对 为什么不敢跟你一样离开草木人间
23	0	最近自杀的太多了，不想看见有人去死啊…地球46亿年了，而一个人连百年都未必能存在，为什么不去试着活下去呢？我在去跳江的路上被拉回去过…自残过…也砸过东西…还是活着比较好吧？抱歉，我也不是很清楚为什么要活着，但还是试一下吧，要相信自己啊，每天努力一小下就好
24	0	每天头疼 疼的我想去死
25	0	真想去死
26	0	他抱着不活的想法，我觉得我说什么都没有用，我没有告诉他，曾经我看着楼下就想跳下去，看着刀片就想划一刀，但是却在努力的活着啊
27	0	中考考试成绩还没出来呀 可是分数估了 450左右吧 大家都说考二中要470呀 差了那么多分 大概是考不上了吧 我的妈妈开始永无止境的责怪我 但是她不知道 我真的有努力了啊 虽然不像好同学那么刻苦 可是我真的也认真了啊 妈妈总是说让我混吃等死 但是她不知道呀 我有多么想离开这个世界呢 我也好想走呀
28	0	从武汉到西安再到鄂尔多斯！有没有人一起的，还可以看看大草原
29	0	我想离开现在待的地方，可是我跟本不知道能去哪里。更可惜的是自己白白浪费的那么多年时间，已经没办法找回来。整个人都没法动，一丧丧一天，一天天丧下去，不知道哪天就死了。
30	0	现在头晕眼花&nbsp;&nbsp;&nbsp;我想离开这个世界了
31	0	其实有那么一批人，很想进入这个世界，只是每个人都是不一样的风景，入口各不相同，所以只能在门外尴尬的试探
32	0	我有抑郁症，所以就去死一死。
33	0	昨天去北医六院确诊了双相情感障碍（又叫燥郁），家人不理解，他们的说辞依旧是我们为你付出这么多，你怎么可能有病，想想我们容易吗，你应该自己克服。好了，要不我就去死一次，也许死了之后，你们就能明白我的感受了。反正你们才40多，还能再生一个。
34	0	饭饭啊 我好想一个人住啊，想脱离群体生活
35	0	想死两天 好难过
36	0	我外婆四月去世了，她是我最爱的亲人，我从小就内向抑郁，不高兴想死的时候就想，只有外婆喜欢我，她不在了我就跳楼，这么想十几年了，我也长大奔三了。但是她走之前我才明白，她一辈子是钢铁一样坚强，但是因为很多原因没能实现自我。我回应她最好的方式就是像她一样活，但走另一条路，实现她的愿望。
37	0	我好想去找你，见见你，陪你一起离开。
38	0	搞半天昨天说了死今天就想活 说日子会越来越好的 昨天跟我说的时候我怎么安慰都没有用 还问我一起去死
39	0	我真的觉得好笑 今天遇到点事情嘴里喊着要跳楼 明天遇到开心的事情 就想振作了好好活着了。&nbsp;&nbsp;我真觉得对于我们听到真是嘲讽。
40	0	丧没关系，你跟我说也没关系，但是别今天说你想跳楼 第二天跟男朋友出去了一趟 就变好了 然后今天还跟你说日子会好起来的劝你别死 你不觉得搞笑么 我觉得嘲讽死了 真的
41	0	觉得世上没有真正在乎我的感受的人。也很想死一死。可又不敢死。只是觉得，这世界真是无趣啊。活着很累，很难，死了也很简单。好累好累。
42	0	今天战胜了自己深夜无眠觉得唯有一死的幻想，出门没有去找高楼，而是分析了脑子里酝酿了无数遍的那个死局，一天都在奔波寻求解决，虽然还是很有可能最后失败，但最起码说明最差的一天也不是完全无解的，活到明天，谁知道会怎么样呢。从蜜罐扔进冷水缸，从坠崖一半被提起来，生活就是这么抽象
43	0	但是这看似好了，其实没完，地狱般的毕业一年，反复发作，但被逼迫着往前，崩溃，想死，想在人群里大喊。但又要在清醒的时候补以前欠的债，每次麻烦别人都觉得耻辱，要死……扛了不知道多少次，但每次还是不敢打包票不会死。后来最爱的外婆去世了，反而不敢死了，开始有声音在脑子里辩论，不想一了百了
44	0	其实我没有一点不开心，就想去死而已
45	0	我有抑郁症，所以就去死一死，没什么重要的原因，大家不必在意我的离开。拜拜啦。 ???
46	0	好喜欢日本啊！可以的话愿意死在这里也不回福清了
47	0	想死不敢死的人 是最懦弱的吗还是最强大的
48	0	走路 听歌 睡觉 吃饭 不管做什么我都觉得它们在催我去死一死 可是好像有什么再把我拉起来让我浑浑噩噩的去活 活得难看也罢 我妈也只是想让我好好的活着 起码在她活着的时候我要活着 如果我可以在梦里死去该多好 不是我自己要去死 没有人会怪我 要是病死也好 不要久病 我妈妈会被拖累 我这辈子欠你太多
49	0	这座城市重新变得面目可憎，我想离开了。
50	0	如果大家都一起死掉就好了，
51	0	很想得一场无法治愈的疾病或者被意外车祸离开这个世界。我很开心，有许多快乐的时光，很多时候都在笑，很灿烂很阳光，对未来也有向往，想象过以后的自己，可我…也一直都在希望自己离开。不敢自杀，怕我是那个主动让爸妈伤心的人，只有意外才不会让他们感到更难过。我祈求…
52	0	好想把自己一块块的切下来，然后踩几脚，我真他妈恶心自己，这样孤独的活着一点希望都没有，起码给我个温暖的目标，让我追逐，没有一切没有谁会在意你的感受，想死就死吧在这里bb什么赶紧他妈的去死吧
53	0	他们觉得我是想多了，那我就去死一死，没什么原因，为了证明我没有装。
54	0	因为高考成了抑郁，想去死了
55	0	我真的败啦，想去死一死
56	0	当时真的很感谢很感谢有朋友陪我，在我每天晚上睡不着的时候陪我，在我难过的时候带我去运动，当时真的好严重，感觉原来的时候还没有如此严重。我还记得那个晚上我说是不是我死了，你就好过了。如果不是朋友陪着那时候想必就跳下去了吧。因为感情这样好窝囊阿，但是饭，我就是因为感情
57	0	我也想死 不用管我 说不定哪天有勇气了 我就死一死
58	0	我问医生能不能不吃药治疗，医生说不行，但我真的不想再去依赖药物存活下来了，饭，你说是不是，去死都不行吗？
59	0	我一直在攒着离开这世界的勇气 我很庆幸我不是独生子女 我没有朋友 我不开心的时候也没人跟我说话 想想在这世上除了我爸妈真的没什么值得我留恋的了 哪天我突然死掉也不用父母没人照顾 真好 我是幸运的 可以死得很潇洒
60	0	遗照每天都在拍 可是还是选不出一张
61	0	好多无能为力的事都要我去解决掉，尽管我深知自己的秉性无能，那好像就是我生存在世间被给予的唯一意义，不得停下。尽管我假装冷漠地俯视着他们，我还是感到很痛苦。有时候难过靠着“过会我就去死。想把麻烦之源都杀了然后带着过得苦的人一起去死。”这种懦弱自私的想法度过日夜。不过是原地打转罢 唉
62	0	我觉得这个世界不适合我 我想离开这个世界 可是我舍不得 我爸爸妈妈他们好不容易把我养这么大 我干妈还为了我哭心疼我我不能辜负她 我要是走了他们多难过啊 我最好的姐妹yzn肯定也伤心死了 潘潘和qm和幻三和wjl肯定也会难过啊 我不能让他们难过 我滑板还没滑够呢 我爱豆那么温柔那么好看我不能死呜呜呜
63	0	我觉得你现在状态应该和我几个月前差不多，我那时候也觉得人生没啥希望了，所有的负面情绪交织在一起，遗书都写好了，可是都过来了，我也不知道你是因为家庭的原因还是什么，总之你把这段挺过去之后，会发现人生很美好的
64	0	不如所有人一起下地狱吧
65	0	不指望别人都能理解我 别当面议论就行 否则你就去死一死 不管你是谁
66	0	饭饭，我也是觉得活着真的太辛苦了，你在另外的世界有没有好一些，有时候觉得很佩服你，而我有时候连去死一死的勇气都没有，但是又对生活真的好绝望
67	0	我也很绝望，也是连去死一死的勇气都没有
68	0	我坚持不下去了 我也想去死一死
69	0	一直都不敢来这里，因为我觉得我还不至于到这种地步。但是，我今天还是来了，心理很畅快。我真的想告别这个世界了。我不知道除了这种方式之外，我还可以用什么方式摆脱家里妈妈对我过去，现在和未来全方位的渗入。我是真的想走了。我真的是不知道，不愿意祸害别人和不想生孩子到底犯了什么错。
70	0	白天笑着过一天，有谁知道下班卸下面具的我有多累，有那么一瞬想离开这里，但现实告诉我不行，
71	0	总觉得抑郁症真的被人搞得风气不好了。很多人一点事就说自己抑郁症 了想跳楼了想不开了 缓解了过几天又好了。 我真的觉得嘲讽 你负能量没事 丧也没事 但是请不要不努力不尽力还瞎抱怨好么 别人吐槽你矫情是真的
72	0	我真的不知道在这个世界上还有没有可以让我靠一靠哭一哭的地方 也不知道世界上还会不会有人愿意无条件听我倾诉。好像没有一个地方我可以驻足。我一直在被逼着前进 但是前面不是未来 我能看到的前方 是我离开世界的那一刻
73	0	这样死亡不会很痛苦吗？我也想离开这个世界
74	0	今天凌晨四点多，我在这里认识的一个微博网友割腕自杀了，我和他在微信上聊了两个多月，本以为他好转了，可是我还是没有留住他。希望看到这个评论的朋友们真的冷静一下，生命真的只有一次。他的离世让我很愧疚很自责，如果我再早一点发现就好了，我想对他说，我会想他的，永远不会忘记[蜡烛]
75	0	如果所有人都对我说“你快去死吧”我就会觉得“啊我活着实在太对不起大家了但我死了的话大家都会很开心，我死了真好。”可没有人这么对我说，大家都希望我去死却又想着办法阻拦我不让我去死
76	0	就算我操心死后会被人嘲笑父母会难过死的样子不好看，可这能改变吗我都死了，已经动不了了也听不到了所以不要想那么多了快随意去死吧
77	0	拜托了，什么时候能离开这个世界
78	0	怎么总是有阻挠我离开这个世界的各种因素[打脸]
79	0	从检查出中度抑郁症到现在已经过了一个月。我以为我能走出来。可是今天不管看什么都会莫名其妙的哭。我甚至在想所有人都不幸福那我们一起去死多好。我太坏了。
80	0	饭 我要疯了 这几天焦虑到不行 连续三天晚上没睡觉 一点都不困 特别精神 干什么都烦 就想躺着 睁着眼睛 脑子里也没有事情可以想 我只想离开这个世界 可我又太害怕痛苦了
81	0	每天没事就想去死一死[摊手]
82	0	总有一天我会离开这个世界，就好像我们从来没有来过一样，但是不是今天不是今天。
83	0	这些话我想说给我的布丁听，作为一条狗你做的很好了，但主人很想你，因为我的疏忽没看管好你，以致出了车祸，让你断送了姓名，是不是老爸我每天和你说太多废话了，老给你传递负能量，每天熬夜还要听我叨叨故事，所以就提前离开了，记住哦，转世以后投个好人家，咋们再相聚
84	0	你看，他们不会理解为什么我们会选择离开这个世界，只不过是难过得逼不得已才选择解脱的，他们永远不知道我们每天活在只有黑白绝望的世界，没有快乐只有很多很多的难过，他们不会同感深受的
85	0	大部分时间我觉得自己一无是处让我妈失望，好想去死，不孝就不孝吧，这辈子也没有好好长大
86	0	我有一些极好的朋友，也特喜欢笑容。想温柔的对待这个世界，可心里有个我和我约定离开。
87	0	想死一死
88	0	抑郁症，没啥好的，以前也试图自杀过。最后不也是挺过来了？以前想死，也敢死，现在想死，因为，死了其实蛮好，活着有太多的东西要承受。但是，现在让我死我肯定不愿意，因为，老子还有很多的事没做，还有我要爱的人没有爱。
89	0	难过的想找到一个洞钻进去，难过的想离开这个世界。我觉得总有一天我会离开。实在不是很喜欢，深夜丧大概就是这样。
90	0	我妈真的是这个破家里唯一还想着要挣扎往上游的人……我不想挣扎，我想要死一起死吧
91	0	前两天我突然有了一个大胆的想法，我是不是应该放下现在的生活，背上包，徒步去拉萨，去做做善事，喂狼。我想写下我有病的经历，挂在包上，让全世界都知道我是另类，我就喜欢别人歧视俺的眼神，我是不是喜欢被被人虐啊？
92	0	以前是拼命劝自己去死不敢，现在是想死拼命劝自己不要，毕竟熬了这么久了，说不定明天我就意外身亡了呢
93	0	写下我的遗言吧，我怕有一天我突然离开了！各位永不再见了。我想肯定会有人问我，你连死都不怕为什么还要怕活着呢？我告诉你死的后面还有身不如死，那感觉太痛苦了。我做这个决定不是一时兴起的，而是我思考了很久，想了很久，当然也忍受了很久。我死后肯定会有很多的骂名，但都没关系，死了就不会在乎
94	0	哎 离开这个世界对我是解脱啊
95	0	上周心态一直在崩，崩溃到哭不出来，心跳加快，想到还要活那么久感觉恐怖，抽烟，用刀片割自己。可是想想自己还住在宿舍，要是就这么死了，得带给别人多大的困扰啊，准备多活几年，把答应别人的事做完，那时候再去死
96	0	如果没有爱的人、估计我们早都离开这个世界了
97	0	饭饭晚上好啊 我又回来了 抱歉啊 到现在都没有关注你 我怕认识的人看到关注列表然后收到不走心的关心 现在是七月啦 生活依然很烂 我还是想去死 什么都没变 哦对 我这段时间读了个夺宿的小说 朋友推荐的 她说很好看 我却一点都搞不懂 为什么要和那个灵魂争夺身体的控制权
98	0	老实说我怕死后的那种虚无感，怕死的那种疼痛。所以我真的每天都在许愿能够从这个世界离开或者消失，亦或是人生能够重来。每天都在许愿。这就是懦夫的表现吧。
99	0	今天开车太快了，本来想一头撞死，可想想生还的几率还挺大，就放弃了，现在躺在床上抽着烟，也不知道该怎么死好，不过我的病情控制两个月最近又有点复发，心情一不好就不想去复查了，想想就这样吧，没什么想说的了，我睡了，晚安
100	0	都是我 无能是我 垃圾是我 废物是我 我什么都不是 什么都没有 孤身一人 死掉又何妨
101	0	又来啦，今天也是非常丧的一天啦，之前有个暗恋的小哥哥啦，自卑不敢告白，减肥也是失败，想去死一死，又觉得有点对不起我妈，给我花了这么多钱了，诶，羡慕你洒脱了，不知道你现在过得好不好
102	0	想去死，又莫名其妙掉眼泪，太难受了，好难受啊
103	0	想过死，又不敢死，我一直想要的生活我还没做到，我不能死。经常有因为很多事情而会有想杀了世界上每个人的念头，偶尔真的会发疯，疯的忘了意识但我还是没有做过比较不好的事情，内心还是特别善良的吧，我一直都相信自己会有那么的一天我一定能给爱人，家人一个更好的生活，不让他们为了我而受苦受累！
104	0	我真的很想哭一哭，但是哭有什么用呢？我也想选择离开这个世界
105	0	到底要再经历过多少次难过，才能攒足离开人世的勇气呢？希望这一天早点到来吧
106	0	我不再渴望长命百岁了，惟愿这世界给我一个逃避的理由，让我心安理得做个懦夫离开这世界。
107	0	有一天，我上吊死了，别人以为我在荡秋千。
108	0	这个病还没好，那个病又来，想死不敢死，想到信用卡还没有还完就不敢。
109	0	真的不开心就去死吧 想死的都去死啊 光说有什么用[允悲]
110	0	想去死一死了
111	0	没有什么难过的事，就是想死一死
112	0	我也想过，如果把世界走一遍，还没能够实现自己的梦想，找不到活下去的理由，找不到能留住我的小部分的话，就自杀了
113	0	我本着我是个不一样的人去生活，谁知道累了，累的还是我，我死了以后，我等不到，那个天堂，有时我就会绝望，我都能想象我已经跳下去了的画面，好像没有那么可怕，有人会死，带着本来不应该承受的石头跟重力下垂。
114	0	先把西藏去了再死也不迟
115	0	想死不敢死
116	0	走饭，人其实活着也挺累，所以你有去死一死的豁达和勇气 突然就是突然会有一个情绪想要爆发的时间点 我会像藏起来就我一个
117	0	等把钱花没了，你们就陪我一起死。
118	0	饭饭，想你了，今日独白大概就是对自己不够绝望吧，在六楼我放弃了。我那么用心化好一个妆，还不容易吃完一晚饭，我没力气去写遗书，可是我只写了一一句话，就没力气去写了。我下来了我对自己不够绝望，我该去死我想去死，我想去地狱，不想做人做人好累好苦好难受。
119	0	现在的状态变得很奇怪以前虽然抑郁严重但是不会失眠想睡就能睡着但那时的心理状态很差可以从朋友来了又走了就开始失眠以前睡十几个小时都可以现在睡了四个小时就醒了，心理状态也变得很奇怪就好像感觉不到自己的心情整个人却又很累的感觉自杀的念头一直都有现在却没实施过，这样也不知道是好是坏。
120	0	总会越想越难过 觉得自己没有能力承受那么多的期待 觉得自己什么都做不好总是让家人失望 其实在意我的人没几个吧 等哪天真正下定决心了 就好好的去死一死吧
121	0	对家人我好着呢饭饭 活着太累了 我真的不想活着了 我好想离开这个世界 可是我却还没有下定决心 等我真的决定要走了 我尽量不留遗憾
122	0	我真的很羡慕你啊，我也好想去死一死。
123	0	我自己哭了一小会 准备出门买点饭吃 结果我爸看到我哭 又把我骂了一顿 对啊 我就活该被骂 所有人都不喜欢我 所有人都不给我过生日 我考上厦门大学了 坐高铁回家要九个小时 我本来这几天还觉得 以后上大学要好几个月才回家 我特别舍不得 但现在我觉得 我还是赶紧走 赶紧逃离这里吧
124	0	死之前带着他们一起走
125	0	凭什么，我要这么痛苦，不公平，虽然这个世界没有不公平，我不甘心，走之前，我要带着所有人一起走
126	0	感觉生活压的自己喘不过气 感觉体力被一点点的透支 好想逃离这个世界
127	0	每天都有这么多的留言，没有生来彷徨的，许是因为想不通、放不下、躲不开、戒不掉，与我也是一样，生活似乎是件痛苦的事，面对一切还要极力硬撑做个“正常的自己该有的样子”但是好累，累了，真的累～有点明白为什么最终扛不住的都选择了自杀。
128	0	每到一个新地方，我都会想想这里适不适合死掉……可还是没有胆子
129	0	好想离开这个世界。好累，
130	0	最近在绝食，整天整天地让自己躺在床上不动已经快半个月了，不想跟我妈妈说话也不想跟我妹妹说话，所以我也不想吃饭，但是我仍旧守着洗碗的承诺，每天晚上9点过去洗碗，今天是绝食的第三天，我腿好疼，快要站不起来了，第二天洗碗的时候感觉我的腿一直在打颤，我好难过又好愤怒
131	0	自己不能自愈，别人也不会救助，那么清醒的妳一直坚信这点，才会对这个世界失望，才会毅然决然的离开，我有何尝不是么，只是还没有妳的勇敢。
132	0	想逃离这个疯狂世界
133	0	我啊，我妈我爸对我的只有否定眼神里只有嫌弃哈哈我做什么都是错的，每次骂完我我都心里默默的说对不起对不起我错了我不该这么做都怪我我是垃圾嘻嘻跟我认为很好的朋友说她们的反应是什么你知道吗她说那你就去死啊去跳楼吧安眠药给你好不好嘻嘻我没病我就是很难过难过的喘不过气…
134	0	好累啊 想去死一死
135	0	饭，我想去死没勇气
136	0	走饭啊，我，也很想自杀，虽然没有抑郁症那么严重。可我觉得我也差不多了。我觉得自己活着很多余，而且很恶心，人还没出息，死了或许很好。可真的很烦那些叫我不死死了就跟我一起去的的。但为了她们，我还是一天熬过一天地过日子，表面嘻嘻哈哈，其实，已经越来越觉得没力气了…
137	0	饭，我本来计划好星期二离开这个世界的，但是陆续的有很多莫名其妙的希望向我过来，我的朋友，爸妈，甚至是网吧的一个网管，我讲卡号讲了前面几个数字，然后她就能知道了，然后我莫名的感动，好像有好多人记得我，突然发现我还有好多放不下的东西，到底该不该去找你。
138	0	可我还不会 写遗书。
139	0	每天都在吵啊吵啊吵. 好累哦好想去死一死
140	0	我，是真的很想离开这个世界，但我知道我不能，我有他们，我有奶奶爷爷，我害怕他们舍不得我离开，而且离开也不是一件容易的事情啊，真的好难。大家害怕的根本不是死亡，而是离别，离开自己的亲人，离开这个世界。可我现在没有眷念的东西，在折磨自己，我成了自己讨厌的人。为什么啊
141	0	没有太大感觉，只是很没有意思，我睡不着，很无聊，我才不会想去死一死，真的没有
142	0	我也想去死一死 可是我害怕
143	0	刚在知乎找无痛死的方法，偶然看到你啦，好奇怪我难过了这么多年竟然突然有一瞬间不想死了，这么多人都被生活折磨着，还有一大部分藏在心里没有说出来，大家都很难过大家都好好活着的，我也要加油噢，这里的129万朋友也要加油啦
144	0	老爸說我是世界上最幸福的小孩 他們都很關心我 在乎我 只要以後我賺錢了能給他買酒就好 就是這樣 更想死了 又愛又恨 都說我該愧疚 該勇敢 為了父母 我可以去死一死嗎 就不會拖累人了
145	0	走饭以前我不理解你为什么自杀，现在我羡慕你有离开这世界的勇气
146	0	最近病情严重了 反反复复的，好想自杀啊，但是每次要自杀的时候就想起年小的妹妹，身边的朋友，熟悉的环境，还有父母，我就不敢自杀了。什么时候我才能全然不顾的勇敢一次啊，真的太痛苦折磨人了
147	0	走饭嘻嘻嘻嘻嘻嘻我还不如堂堂正正的离开这个世界就好了
148	0	我想过去死，你所见的生不一定是灭，所见的灭不一定是生，但我还有好多事没做完，我也想去另一个世界看看，也想看看我生命的尽头是那样的，也想看看死去是不是跟睡觉一样，闭着眼就完了，还是说闭着眼一睁眼我就去了另外一个世界 ???。躁狂抑郁症说的家人最受苦
149	0	老爹问我是不是人，老妈在那说着，让我出去赶快死，两人真是一唱一和的。希望我有一天不会因为你们而死
150	0	生活一点都不美好 有时候只想安安静静地离开这个破地方。
151	0	感觉呼吸都很困难，想死又不敢死
152	0	饭，有人让我活下来，有人问我要不要一起死,你说呢。
153	0	真的特别想去死
154	0	我断药一年多了，当时说每次晚上吃了就想睡觉，后来才知道里面有安眠药的 成分，我就不想再吃了，断药那段时间真的好痛苦，睡不着脾气也不好，天天哭都觉得我矫情最后在操场上没控制住哭了，本来以为告诉班主任他会理解我，可是他们把我妈叫来学校想让我休学，我是哭着回去的我一辈子都会记得
155	0	走饭，每个人都是有血有肉的，都会有疼痛的感觉，我很难过 但是又怕说了什么话伤了父母。很想消失 不去想那么多， 让那些烦人的事 烦人的人 都见鬼去吧。我不能控制他们，但是我可以掌控我自己。 想要去死一死，想要消失。
156	0	不知道还能撑多久，特别累，我也好想放手一切离开这个世界
157	0	现在有点理解带上一家人去死的人的心态了 那多好啊 都死了 谁也不会牵挂谁&nbsp;&nbsp;一了百了
158	0	我很想结束，我要是死了，背后会有多少闲言碎语，我的家人要承担多少。说不定跳个楼，尸体都能在朋友圈疯传，我不想这样。我尽量让自己痛，保持清醒，就算伤害自己，我也要再撑一下，人间不值得，我不能伤害他们了。
159	0	我想给我爱的人生一个孩子 可是穷 没钱养 那我们一家三口就一起死 多好
160	0	刚还想割腕，在卫生间想了半天就觉得先不管别的明天去医院配合治疗世界还很美好，还有很多想干的事情，对，明天一定去医院检查好好治疗，这个世界有好的一面，我要好好活着！干一个工作不开心就不干换一个！没关系活着就好！我要调整好自己！我才17岁我还有很多事情可以做！
161	0	天天失眠，噩梦，我真的不是矫情，真的很想消失，就象我不存在一样，可是放不下亲人。我在想如果爸爸妈妈走了，我就跟着一起走。活着的日子每天都在想去死。
162	0	一定没有人能确定自己死亡，所以每刻都想保持最美的样子吗，在江边坐一个钟头，在桥上站一个钟头，被个猥琐的大叔打断。 我讨厌至亲的忽略欺骗讨厌我存在。你大爷。 我不知道这样下去要经过多少时间才能解脱，女孩跳楼让我更害怕所有，没有人情味的感觉，走了也只会被当作笑话。可能决心不够，所以在意
163	0	奶奶说如果我死了，她就和她们拼命。我有点辛苦，我想啊如果我死后是一定要把器官捐赠出去的，这样也不枉我来人间一趟。
164	0	没有一个人真的爱我，发自本心的本能的去爱我。真可悲，没有一个家人在真的爱我，以前想自杀可以安慰自己不能让家人伤心，我不能死。现在才发现你少自作多情了，你死了几人会伤心是因为你跟他们有血缘关系，仅是出自不恶毒的人类本能去伤心，没有一个人是因为爱我这个人而去伤心
165	0	今天特别衰，就想说19岁没谈过恋爱又怎样，能不能活到27岁还不一定呢，所以我还是一个人过活吧。啊！我应该没什么毛病，就是时常YY自己是怎么离开这个世界的，这样应该会好受一点，让自己不那么想死[太开心]
166	0	饭啊 其实12年前 我就已经在水深火热之中 初中三年我过的异常痛苦 无奈 每天都想着死 我对家人 朋友 男朋友说我想去死 他们都说我有病 我确实有病啊 那三年是灰色的 尽管我熬过来了但在大学里彻底爆发 停学一个月专注治疗 每天吃着大把的药 整个人恍惚到极点 幻觉 幻听 恶心 呕吐 我以为会死
167	0	希望 我也可以像你一样充满勇气去死一死
168	0	对不起，才发现你...如果那一年的我没撑下来，也许我们能作伴一起上路...[悲伤]然而...人生真的很难熬啊
169	0	想写遗书发现啥也没有 哈哈
170	0	反正这个世界上也没有哪个人在乎我，早死晚死都一样罢了。那还不如早点去死，省的在这给人添麻烦
171	0	我觉得生活有点无聊，所以我想去死一死
172	0	我也是 想去死一死。
173	0	饭，我离开他的时候，应该也离开这世界了吧
174	0	一想到未来可能被它不断折磨，就很想去死一死
175	0	我好想离开这里，可是我又能去哪呢，去哪都一样。除了哭屁事都不会干。。。
176	0	我不喜欢这个世界，我可以离开吗
177	0	你带我离开这个世界吧 这个世间不值得
178	0	我也想去死一死啊
179	0	那一起堕落吧
180	0	走饭 我今天去坐跳楼机了 我觉得未来与你重逢的那一天 我一定不选择跳楼
181	0	妈妈生病了 希望她早点康复 让我放心的离开这个世界
182	0	手脚发抖 呼吸困难 内心焦虑 我太不爱这个世界了 我只想死一死
183	0	我死了，可我想活，想出门看世界，他们不让，却说怕我死。
184	0	我害怕生也害怕死&nbsp;&nbsp;&nbsp;生的时候活得好累&nbsp;&nbsp;&nbsp;时常躲起来崩溃大哭&nbsp;&nbsp;&nbsp;无数次想离开这个纷扰的世界&nbsp;&nbsp;&nbsp;&nbsp;但也害怕死了之后除了父母外&nbsp;&nbsp;&nbsp;连个为我哀悼的人都没有&nbsp;&nbsp;&nbsp;那我就算死也死得很孤独吧
185	0	饭 好久不见 不是我变好了 是我越来越会演戏了 活着 好痛苦啊 无论从哪个方面来说 这个病态的世界 真的只有有病的人才会继续生活下去吗 那为什么 我病得这么严重了 我还是想离开呢
186	0	饭饭啊，给我点力量，让我离开这人世间吧 ，我从来就不是什么有出息的人，饭饭，带我走吧
187	0	如果真的是抑郁反倒好了，还能借着抑郁的名头和勇气去死一死，呵，怕是无病呻吟。不想活也不敢死，你看，镜子里的那个人多恶心
188	0	你好，很高兴认识你，我在等，等我了无牵挂那天，我也会选择离开这个世界，很开心的去死一死
189	0	亲情也变得少的可怜。恐男症相当可怕 我不爱跟老爸说话 不想跟他废话 他总给我灌鸡汤 可他不知道 我脑子里只有死。怪就怪我太小胆了 我怕疼 痛经承载了我的一切。我生怕离开世界的这点小疼痛加重我的痛。说白了 就是我胆小。我还能干什么 我连结束自己都做不到。
190	0	饭，最近真的有好多人给我说这些呀，要好好活下去，我拉你走出去这种话。你那时候有没有听到过这些呢，我猜一定也有吧。我不知道该说什么好，我没法告诉他们，无论这个世界有多美好或者多糟糕，我都只想离开。它的美好已经无法在挽留我了，我早就被打败了。
191	0	我想摆脱阴影，我想离开那个地狱医院，我想重新开始，我想无虑的活着，我想让医院科室和管理部门的坏人都死绝，我想报复，我想重新变得勇敢起来，不会再像这一年半任由人欺辱，我想保护我自己，学会和人吵架，不再恐惧到被人欺辱了还不敢还口还手。
192	0	一到晚上就真的想去死 但也知道不可能
193	0	饭！我也好想死一死阿。25岁了，工作身心疲惫，刚离职，卡里一千三，没有男朋友没有关系很好的人。死可能是一种解脱吧！
194	0	又是好几天没来了，经过上次自杀未遂的日子，现在的我哭不出来了，也不敢死了。我还是好难受，我比以前在人前开朗多了可是我的内心还是好阴暗，内心里还要一心想要去寻死可是我又怕父母担心了。
195	0	有人现在很丧么，要一起丧么
196	0	还是很痛苦 过不去的还是过不去 快乐堵在外面 怎么都进不来我的心 亏欠我的人太多 可是他们都不知道 痛苦我一个人承担 太难过了 生活里没有什么可期待的了 帅哥不期待 美食不期待 旅游不期待 什么都毫无吸引力了 掉进悬崖了
197	0	现在想死于非命
198	0	这个世界一点也不适合我生存，想去天庭
199	0	我是一个没有灵魂躯壳，也忘记了自己到底是什么时候死去的，可能很久了吧！现在的我只想再次的离去，在这世界感受不到一时丝人情。在等一个爆发也许是自己太软弱了吧，现在去死却不敢，等储蓄满了也就结束了，结束了，一切都结束了。我认为是的！
200	0	我的妈妈 她担心我 我知道 可是我的心理承受能力很强的呀 不然我早就跳楼了 我讨厌她 讨厌她一直管着我 暑假不想回家就好像天塌了一样 讨厌她总是打电话给老师和辅导员 我真的 我只想一个人 我讨厌那个家 我想逃 逃不了
201	0	我一点都不像你 我想带走你 一起死吧 好不好
202	0	饭，此刻最想做的事情就是跟你一样死一死，感受下死亡的感觉，或许这样就不容易被影响吧[泪]
203	0	活下去的想法在降低，我在想哪天要是真的撑不下这口气了，就算了。没有遗书，不想后事，不愿往生，思绪什么的都不存在了。如果连这种事情都想不到了，那也许就是那一天吧。
204	0	我的病我好像控制不住了，我想告别我所有的朋友，然后独自离开这个世界。
205	0	想我这样的人不配得到幸福，就应该去死一死
206	0	我有抑郁症，所以就去死一死
207	0	兄弟，割腕死不了，还很痛的
208	0	又想去死了，恶性循环
209	0	今天又去拿药了 责任太大 牵挂太多 我也想去死一死 又忍不住去医院 是不是贱啊
210	0	不想去医院不想吃药不想见任何人只想去死
211	0	想死三年以上的还是没有死去的有没有?
212	0	特别想采访一下蹦极的工作人员：你们到底看不看得出来这个客人是来挑战极限的还是想试试看跳楼是什么感觉的
213	0	这么大清早就想去死还是头一遭
214	0	华山有人跳崖了 他回头的那一眼 我以为他在跟我说 （&nbsp;&nbsp;&nbsp;&nbsp;别坚持了 我等你&nbsp;&nbsp;&nbsp;）
215	0	我也想去死一死，但是这样郑应该会很难过，我妈妈应该也会很难过，所以即使我试想了无数次死法，我都得鼓起勇气，哪怕苟且偷生，哪怕没有尊严，哪怕受尽苦恼，我都得好好活下去，带着希望的活下去。
216	0	忘掉了网易云后摇里那些要死不活的评论，却又让我看到了这个微博 看到那么多对生活无望，想去死的人，知道了我不是一个人，也就没那么孤独了&nbsp;&nbsp;其实一切都会好转的，前提是你要有耐心等到 人必生活着，爱才有所附丽
217	0	饭，每次有人自杀，就会有一堆的人留言说什么走好，祝你在天堂快乐。但明明心里是很鄙夷的吧，哪一个自杀的人不被在死后说过坏话呢。这个世界和这些人，真的好恶心啊。
218	0	我小时候很讨厌自杀的人。从小就听人说这种自杀的死了是最没道德的，因为他们不会考虑家人朋友，不考虑别人的感受，没有尊重父母养育之恩等等。长大了我才知道，有的人自杀，缘由就是因为太考虑别人的感受，或者是受到来自父母的伤害。。
219	0	反正我感觉我特别没用，任何人都比我有用多了，一直有抑郁症，一直在折磨自己，不知道能坚持多久，加上今晚这事，我现在就想一心求死
220	0	饭饭，这会在上着班，嗯，不过觉得还是想离开，离开这里，离开这个世界。做着重复的工作，拿着微薄的薪水，现实里，笑的没心没肺。内里，面无表情。。。不过，我还是要活下去哇，还没看到以后的日子呢，还有很多想做的事情。所以，不能离开哇！(σ???)σ
221	0	饭饭，是什么给予了你勇气离开了这个世界，我也想，我想杀死我自己
222	0	饭啊，我好像第一次有，想去死一死的念头。都说微博可以做自己，可是啊，我连微博都不敢释放自我啊。
223	0	你去蹦极试一试，跳下去试一次，你会发现活着其实很好，不要想不愉快的事情。
224	0	一天比一天的想逃离这个世界 我被困在这个地方好久了
225	0	辞职了，发现自己什么都不想做，只想去死，昨天跟我爸说华山跳崖的那个人，我爸说和他相比我还在坚持着，心里又酸又难受，我对不起我爸。
226	0	饭，我第一次给你留言撑不住了，生活太难了。我从来不奢求舒适的生活，我想做我喜欢的事。可是后来我发现，无论多平淡的生活我都能找到自杀的点，再也没有我喜欢做的事了。我一定是最令人失望的。我有的只是日复一日的精神折磨，我什么都没有。我想撒手离开，什么都不要，自己也不要了，就这样走吧。
227	0	又崩溃了，已经不记得是第几个崩溃的夜晚。真的好想离开这个世界啊
228	0	所以就去死一死，没有什么重要的原因。
229	0	即使在冰天雪地的人间是否能生存，在茫茫人海中沉沦，隐藏孤单的心，拥抱是否能够取暖，死亡并非结束，而是在另一个世界重新开始，孤单，孤独，孤寂，无法理解，心底有一个声音在牵引这我，我的理智有限，我快控制不住这个恶魔了，他在一步一步的引导我去离开这个世界，
230	0	可是它在牵引着我它像一个独立的人格一样，每每夜深人静时它就跳出来告诉我让我离开这个世界正如现实一样这个世界没有任何可以留恋之处，而我的理想正在于它作斗争可是我感觉我快抗不住了，天快塌了包裹周身的只有黑暗与孤独，无力感在吞噬这我的理想
231	0	我连跳伞蹦极和峡谷荡秋千都不敢。却有着想死的勇气。但也只是想一想。太怕痛了。怎样才能克服怕痛去死一死呢？
232	0	不是我想熬夜，我到希望24小时都睡着，这样也就不痛苦了，植发就算了，估计活不到那时候
233	0	读书好厌哦 所以我退学了 前几天我居然还收到了大学录取通知书呢 活着好厌哦 。所以我想去死一死了
234	0	喝了酒打生理盐水不会致死那么严重的，但是也别跳江，别想不开，天黑了还会亮，不管你遇见了什么事，它也总会过去的
235	0	不。我想和他一起去死的那个人，已经死了。
236	0	说我天天这么忙，都不敢给我安排新的工作。管培生马上来了，如果做的比我好，可能会替代我，要我好好表现。这两天管培生来了，一进来工资6000。经理一边让我带她们，一边给我施加压力。我没有参加校招，只能这么憋屈地呆着。半年经验的非应届差等生，我也没自信跳槽。
237	0	还不能死 因为他们说未满18岁死了都没有墓地的 所以啊 我要好好活着 等挣够棺材本了再走
238	0	想跟着一起去，却不忍心让父母再承受这样的痛苦，我要怎么办，怎么会变成这样，为什么
239	0	好难过啊 签证还没下来 太揪心了 这几天不能好好吃饭好好睡觉好难过……可能要一个人旅行 好像不应该是确实吧自己被所有人抛弃放弃厌恶了 想去死一死
240	0	2个月没来，这里还是这么火热，想对所有有自杀倾向的说一句，既然死不了，活着顺既然没勇气自杀，不如多去想想美好的事情，有空多去看看搞笑的视频，或者笑话，偶尔给自己心灵放放假，这样一切都会变得更加美好
241	0	我多想要活啊 一切都没有发生的时候 我想要完成我的梦想 我想要挣好多钱 我想要去各种地方玩 我想要吃好多好吃的 我根本不会想死 我会很惜命。事情发生了，留给我的只有死一条路 不死我也只剩一条命苟延残喘的活着 死了我也不甘心毕竟我一开始根本不想死 这该怎么办？都怪这个贱人
242	0	我后悔了 我已经不期望能被爱了 这样我离开的时候才能少一点牵挂 真的太累了 最近的三个月我疯狂的掉发 失眠 不过我还是没有告诉任何人 我决定死撑到底 直到我的背被压断 肩膀被压弯 试试看我能扛多久 可能付出的是死的代价
243	0	想死又死不了，又没人理解。觉得最暖心的就是度娘了，想死的时候还放首歌给你听。让你觉得世界美好。
244	0	真的好羡慕你有勇气自杀
245	0	我就是觉得太累了，没什么重要的原因，我也想去死一死
246	0	其实我也想去死一死啊，但是小天使说我还不够资格到天堂里去，你就先帮我看看那个世界吧，我晚点到
247	0	我其实也是很简单，也只是想去死一死而已
248	0	天天在耳边听着想死两个字。我真的也熬不住了。明知道一个是无病呻吟，一个是真的想死...可是就是忍不住的烦，忍不住就想离开，想死。但是现实却又一切是那么美满，让我不能死，不敢死。怕让那些看重我的人伤心难过，我不能自私白发人送黑发人，但是又真的熬不住觉得自己活着就是个过错没活着的意义
249	0	有的时候我就在想，我得活着，我得活着，怎么着我也得把命留着，我太怕死了。我还有爸妈，他们爱我，我不能死，我也怕死，割腕太疼了，车祸也是，我住了一个月的院才活下来，我怎么能死呢，我一定要活着
250	0	想自杀我连最基本的生存能力都没有
251	0	谢谢你。我因为各种原因导致现在精神压力特别严重，真的想像走饭那样去死一死。死了多好 什么事也不用去想了，解脱了。但又挣扎于我的家人 我爱的人，我对不起我爸妈我姥姥。我也舍不得爱的那个他 希望他可以知道我是真的爱他 从未变过心。写到这里突然脑袋好痛 我不知道自己究竟在忧愁什么 担心什么
252	0	啊啊啊我真的睡了，起不来的话我就自杀吧
253	0	突然好想去死一死
254	0	我也想死一死，我也想，带我走
255	0	独生子女不敢轻易死啊
256	0	你在哪里过的好吗 我现在也好累 很想去死 但是我会及时告诉自己这不可以 我真的不想活了 我好像生病了 可是我不敢说 生活的压力好大 家人的期待和关心让我感到害怕 我有时候会想 要不我死了 要不你们去死好不好 我的想法是不是很恶毒
257	0	决定去死很艰难，但活着也不好受
258	0	所以就想去死一死
259	0	我和我喜欢的人在一起了，很开心，可是我知道有些事情无法忘记，那些黑色的记忆还在如影随形跟着我，我还是有想自杀的想法，只是我不能告诉他，我也不想丢下他，我和他说好的要一起走去未来，我不知道要怎么办
260	0	我又想去死了，也不敢和别人说
261	0	我为什么一个人待着的时候就想去死
262	0	我去死一死好不好
263	0	他说我拿着手机不知道在跟谁聊天，说我大晚上和别人玩游戏都是不正经的人，哈哈，和我玩游戏的是你最喜欢的孩子哦，动不动就骂我一下你很开心是吧，你知不知道你的女儿想你去死呢嘻嘻，你说过我心理不正常，说我以后会成为社会上的败类，嘻嘻，拜你所赐呀
264	0	我也想去死了 这个家已经面目全非了
265	0	什么时候抱怨一句成为和妈妈争吵的开端，活着真的好累根本没有盼头。三个人一起去死掉算了
266	0	我很胆小 不敢做很多事情 自杀也是一样 我失败了好几次 只是生活 让我继续自杀的念头越来越重
267	0	压力好大，想回到过去，又想去死
268	0	想自杀的时候脑海里总是会浮现父母晚年迟暮精神状态越来越差直到有一天再也没有醒来几个月后警察破门而入发现尸体已经被老鼠啃的稀巴烂的画面然后安慰自己再等等吧等赚够了养老的钱再死吧
269	0	我都跟他们说我想死了，可是他们只是觉得我在赌气，说气话，是不是真的得我死一死他们才能相信？
270	0	有时候希望自己得了绝症，这样离开这个世界就不会有人说我懦弱不堪了。
271	0	我在死的边缘了 撑不下去了 我要过上跟别人一样的人生了。一个叔叔的女儿，在剑桥大学读书。我初中还是高中的时候，有一天突然听说那个女孩死了，自杀死了。她在她妈妈赶到的前一天就自杀死了。她好像才20出头吧。后面具体的我不知道了。她妈妈把她的尸体运回了中国？还是没有？我忘了。
272	0	她一定想过这些。但是人痛苦到极限，真的是没有办法了。我就去死一死，你们都不要太在意。什么我都不想要了。对不起在世的妈妈。当时我还小啊，我的人生多顺啊！我听到的反应是：原来大学压力也这么大的吗？现在才发现，人死怎么可能只是因为大学压力大？可能是以前一直过得好却因为自己一时脑子不清醒
273	0	我要去死一下，生活太令人难过了，我受不了别人的眼光，对我就是玻璃心，讨厌周围的人，讨厌父母，我连自己都讨厌，我想离开，或者去死
274	0	我不认为我要去死是自私的想法，我受够了这人世间的冷漠，我每天都在拼命的挣扎，努力的生活，我这一生对得起自己就好了，我想要去死的原因是因为父母，因为陌生人，因为家庭，因为友情，爱情，我想让他们愧疚，我要让他们觉得他们对不起我，我要让他们体验我的痛苦
275	0	走饭，我生病了，半月板损伤 膝关节积液，未确诊是否需要手术，晚上痛得睡不着，白天痛得整个人晕晕呼呼的，饭也吃不下，人真的好脆弱，生来受苦，没你那么勇敢 我怕痛所以死不了 也因为怕痛 所以想死
276	0	从小到大当父母省心的孩子当累了，能不能给我一次让他们省心的机会让我离开。前几年才知道自己有个姐姐，出生不久便夭折了，我哭了很久，终于知道父母头发为啥不到50便花白终于知道他们要孩子这么晚的原因。别人在12岁之前淘气，想着怎么开心而我想着怎么离开这个世界，有时会一个人哭没有理由，我还考
277	0	我想离开这个家
278	0	我真的 不知道该怎么办了 问了几个朋友 每一个能出手 我去死好不好
279	0	我太难受了我也想去死一死
280	0	我也想去死，想离开这个世界
281	0	想自杀 这个买不到的 如果可以几万都可以
282	0	现在我受够了，我想去死一死，我来这里找一种离开的方法。说出来可能你不信，我不想活着，却又怕死的时候太疼。我现在终于明白为什么有寿终正寝这个词了！
283	0	今天才在书桌前贴上了西政的目标，可是因为一件小事，或许它不是一件小事，想要去死，如何才能轻轻松松的死掉，如何才能无声无息的告别世界
284	0	饭饭，一起飞
285	0	咱俩想法一模一样，就差一个一起旅游的了
286	0	我也丧 也喜欢来这里看感同身受的人们 但我和你们思路不一样 死亡对我来说是一种幸运的选择 让我面对不该经受的坎坷和磨难 大不了我就去死啊 直到我做出决定那天 我都会装作乐观去把自己的路走完 虽然出生在这个世界这个时代不是你的选择 但是既然出生了 与其说尊重父母家庭 不如说我们要尊重生命本身
287	0	我也好想去死一死啊
288	0	在我小时候，我爸一喝酒就打我妈，晚上我总是闭着眼睛装睡，后来离婚了。十四岁，我妈爱上一个男人，我不喜欢他，我问我妈，我和他要谁，我妈说要那个男人。我跑出家门，在河边走了一夜，好几次都想跳下去，又有点怕冷。我也割腕过，但是刀不快，而且血很快就干了。感谢那个时候的懦弱，我还活着。
289	0	我总是抑制不住自己的心因为太痛了脑子也好累我想找到工作我会不会好一点，饭饭我好后悔，今天姐姐问我工作找不到还有什么去路，我跟她说我去死就好了，对不起对不起，控制不住自己的手打出了那样的话出来，我不是要让她们跟我一起难受的意思，饭饭你是明白我的吗，是明白的吧
290	0	想离开这座城市却又舍不得这里的点点滴滴，可是我不想靠回忆来生活。真想买张车票，哪个发车快去哪里。活着真的好累啊。尤其是每天回家只有自己一个人，没有朋友可以约出去一起玩，感觉自己快要孤独死了，可是这就是生活不是吗？有朋友说要来我都开心的不得了，现在超级容易满足，可是也超容易不快乐。
291	0	我想去蹦极，不需要人推，让我自己跳，如果那一瞬间，我还忘不了她，那我就去找她
292	0	刚刚我和我妈妈吵架，她要跳楼，我把她按住。。。然后就歇斯底里的犯病了，虽然之前情绪控制不住的时候会犯病，还是第一次在家人面前，还好她只是以为我是对她不满报复她而已，掐脖子撞墙，我真的想倒下
293	0	什么游戏 什么兴趣爱好 什么美食 在绝望面前 都不值一提 任何喜欢的食物 都让我提不起兴趣 我一心想死 却又不敢死 还有什么比这更讽刺的 整个人生像一台狗血剧 而我就是那个舞台上最丑陋的小丑罢了 生的光明 死的黑暗 简称齐明投暗 向死而生
294	0	真的坚持不下去了，想离开这个世界，又有点不敢
295	0	我是女生 喜欢女生 也每天都能想起一个不喜欢的女生 因为她是我喜欢的人 我对象 喜欢的人 她打乱了我的生活 我每天活在痛苦里 我难受 也难过 也多么想去死一死 可是 我又不敢 害怕我付出的在我死后突然就变得重要起来 抓心捞肺 苦不堪言 极度抑郁
296	0	离开他，离开这个世界
297	0	这世界好没意思，我也好想去死一死
298	0	一想到终将死去 以及眼前的糟心事 便很想提前离开世界[微笑]
299	0	我还是应该去死的，这样就不用麻烦别人，麻烦也不会找上我了，我只是放个暑假在家里你就那么看我不顺眼吗，说什么天天在家里躺着，是这样吗？？难道不是因为前段时间科三挂了你才对我这样吗，我学车也很累啊，我也想休息啊，所以当时为什么逼着我去报名呢，反正我这辈子最讨厌的事情就是学车了。
300	0	毕竟我是自己的[微笑]我为什么不能选择离开世界[摊手]
301	0	最近有非常强烈的想死一死的想法
302	0	我想逃离这个世界
303	0	走饭……你说你有抑郁症，所以就想去死一死。我现在很难过，所以我也想去死一死，也想体验一下死是什么感觉，人与人的差距当真比人与狗的差距大啊，我真的是一无是处了
304	0	大夫反复问我有没有自伤行为，我没有，但我真的想去死一死，真的好难受
305	0	生活不易 想去死一死
306	0	再这样下去，我真的去跳楼了
307	0	想离开这个世界。然后永永远远没有来生。
308	0	夏天对于我这个甲亢女孩真的很不友好 夏天和死我会选择死
309	0	好累 为什么我生活在这样的家庭里 我爸真的无能 就只会对家人发脾气 吵架话还特别忙难听 总死死死的 妈的 一起去死好了 搞得我也很自卑 真的很自卑我真的好无力啊
310	0	死一次就够，一次死个透
311	0	想去死
312	0	刚开始那几天我有想过我不想毁了她取而代之我只想抱着你一起去死现在反而觉得无所谓了反正罪都是我自己找的我就熬着吧
313	0	饭啊……我觉得我要么死要么离开这个国家……我觉得我待不下去了
314	0	活的很绝望啊，想带着儿子一起去死。
315	0	他们说怎么会生出我这样的东西 别人可以为什么你不能 真想在梦中永远离开这里
316	0	我也 希望客死他乡
317	0	带我去死一死吧我快撑不住了
318	0	我在等。等我有勇气面对人生 或者有勇气离开人世
319	0	这些过去让我变得敏感 偶尔极端 多虑多疑 我在深渊里 我想被救赎 但我又害怕 我怕知道的人不但不救我 反而向深渊里吐痰 我又害怕拉人一起进深渊 最后谁也逃不出来。饭 你说我能救赎自己吗 我能被救赎吗 我明明什么也没做错过 为什么就是不肯放过自己呢
320	0	一群矫情的不要不要的人 想死就去死啊 一群懦夫只敢在这瞎BB 没勇气去死就好好活着
321	0	我们没有选择出生的权利 好歹还有选择死亡的权利 如果我撑不住了 能不能去死一死 我保证不后悔 只要让我死了就好了 全世界我什么都不想要 只想要死亡
322	0	我恨我自己 我不爱这个世界 我就想去死
323	0	一千个一万个活下去的理由都抵不过自杀这一个念头 想死成了每晚睡前思考问题 怎么才能悄无声息的死去 不给任何人添麻烦 如果有一种办法让人抹去一个人的存在痕迹 那我就能大大方方的去死了 赴死就像赶赴一场约会
324	0	看病是想活下去，可能有希望，可是啊我不想活，明明没希望，我还要抱有虚无的幻想。呵呵。看还是不看？说真的无路可走，不知道以后明天，要么坐车找个地方死了吧
325	0	活着的每天都很压抑，要装作开心，要装作懂事哦，毕业之后要开始为了活下来而奔波，要装作合群，可是我根本就不想活下来。每次想找人倾诉，他们都是会说你这是心态问题，你自己不能调整一下吗，不管是心态问题还是抑郁，我都调整不了，想死，想离开这个世界。人到底为什么要活着？
326	0	饭，我真的想离开了。越来越想。可是我还背负着好几万的助学贷款和信用卡贷款。我可以这样不负责任地一了百了吗。可是这样赖活着，不工作，不出门，还暴饮暴食，还租房，只会欠债越来越多。我可以不顾一切，自私地死去吗。真的好累啊。
327	0	我像是在做噩梦一样。。。隐隐约约听见我妈叫我 。因为浑身发冷，忍不住哭了。醒过来却对差点死掉这件事情一点害怕也没有。从那之后我就在想，生活实在过不下去的话，就用这个办法自杀吧。
328	0	真的谢谢你，有一次我做梦离开了这个世界，很快乐，但是梦醒了，我还是那么糟糕，还是那么一如既往的痛苦
329	0	人人都说我想太多，连我自己也这么觉得。想什么？想我生来有罪，想人间无趣，想缺少真实，想去死一死。注意力不能集中，记忆力下降，情绪莫名崩溃，觉得自己应该去死。可人家觉得我是中邪，后来觉得我是在用死亡作威胁，对不起，怪我没死成功。下次吧下次吧，我一定找个安静的地方好好的去死一死。
330	0	饭啊，我觉得我有点累了，可是死又不敢死，独生子女大概就这点不好了吧。后悔怎么就没有个弟弟妹妹什么的，这样我也能不用惦记我爸妈放心的去死一死啦
331	0	不敢跳楼 不然早结束了
332	0	不管处于什么状态 我都非常的想去死
333	0	死前烧掉
334	0	很累，我多希望爷爷这次能够带我一起走，无论天堂地狱，总比人间好啊。我查了很多死亡的方法，想寻找一种不那么痛的方式离开，因为我胆小。但是我觉得我离死亡越来越近了，我觉得太难过了，真的太难过了。没有人爱，连我自己都恨不得自己赶紧死。我多想把这条命还给她。
335	0	我这样的人以后进了社会也就是垃圾底层人民我觉得熬不过的我这么玻璃心又一点都不上进又不聪明可是谁能告诉我怎么去死才好我想在我爸妈走了之后就去死可是我有点等不及了无所谓我已经认定了人死后不会有灵魂人就只是一个客观的物质在死掉之后会腐烂会与别的东西结合在一起然后组成新的物质
336	0	我也想去死一死，可是我不敢阿
337	0	今天很难熬啊，能不能让我死了，明知道是地狱又有无数人在推我下去很可怕，我无能为力只求一死
338	0	我真的想离开这个世界了 除了离开 无论到哪里去都能使我窒息
339	0	怎么还没有人趁着世界没发觉带着我离开啊
340	0	有时开心，但下一秒就想离世
341	0	我不可以选择我出生在这个世界上 我好多东西都不能选择 可是我可以选择提前离开
342	0	我还没有足够的勇气去死 顾虑有好多 也可以认为是我还不敢去死&nbsp;&nbsp;我是觉得死后要被亲戚朋友议论 被我的大人们说是我矫情身在福中不知福玻璃心才去死的 我就很难过 把我的死都归咎于我身上 他们可能根本就不懂我死了很大原因是因为他们 太难了 活着很难去死也很难
343	0	等我想开了就去死一死 不远了
344	0	我也不知道生命还有什么意义 生老病死 我有一个私心是想和最离不开的那个人一起死可我又希望他能好好活着 全世界我可是最宝贝他的啊
345	0	饭饭今天中元节啊你会不会来梦里把我带走我又听到我母亲的话了只不过这一次我没有上前揭穿我在角落里躲了好久好久我还录了音我真的很想她死啊这个女人什么都不相信我查出来的轻微抑郁也还是说我演戏真好我要是真能演戏我还会跟她呆着饭饭真的好难过啊好想先杀了她再死一死啊
346	0	我很想离开这个世界&nbsp;&nbsp;&nbsp;可是我存在太多羁绊了
347	0	该是什么样的一种绝望让你选择了离开这个世界[月亮]
348	0	我也想跟他一起走然后没有痛苦的离开这个世界
349	0	如果能有一笔钱，我会毅然决然离开此地
350	0	从单相到双相，药量加加减减，因原生家庭导致的抑郁，却也得不到他们的重视，不想向关心自己的朋友们散播负能量，心理医生感觉也是治标不治本，我也好想离开这个胜似地狱的世界。
351	0	我也好想离开这个世界啊
352	0	为什么妈妈总是这么可怜，为什么让人这么心疼，我总怪妈妈不强大，是自己太懦弱了，我怎么能这么想，怎么能想着和她一起去死，我疯了
353	0	饭 我最近没那么想自杀了 我只想杀了他 或者和他一起死
354	0	饭饭[悲伤][悲伤]带我走吧，我好想离开这个世界，我好讨厌自己不想看到自己不想看到任何人
355	0	熬了这么久了 也不想挣扎了。想明白了。什么时候把歌听够了放下了找个日子就自杀算了
356	0	那天我为什么不就当着她的面跳下去，再困难也要她愧疚一生
357	0	唉，该怎么办呢？又难受了，可是怎么办呢？要拜托一切，死最好吗？我之前还劝别人，如果非死不可，不如就离开去没有人认识的地方。现在才觉得，这种安慰太残忍了，对不起。重新开始真的是需要很大的勇气啊，而且“心”也是不由自主的。
358	0	是啊，当时跟别人聊天，假如你的儿女要自杀，你会怎么办？？我说我会安慰她，然后问明原因，如果他不愿说肯定你这父母跟你的孩子有沟通障碍而且不值得他们信任，在他们心里产生一种告诉爸妈他们不但不信，而且还会挖苦甚至嘲笑，你个小孩子，这点事都撑不住就自杀，以后怎么走向社会？？哈哈哈。
359	0	饭 我现在走投无路 可是我还有一个特别爱我的人 我想离开这个世界 可我又怕他伤心 你能告诉我该怎么办吗 我想离开了 我可以去见你吗
360	0	其实我想跟他们交流的原因是想着哪一天我死了不要把全部责任都推给我，啊？他没出息才自杀的，他就是一个废物。死了正好，就当白养了一个没用的。我就怕他们跟外人这样说我，我自杀是因为个人原因，就算死了也遭人唾弃。
361	0	我从今天开始决定不再吃药了，这样子我是不是很快就能离开这个不属于我的世界了……
362	0	饭饭，我想离开这个世界了。
363	0	恨不得自己离开这世界的人，我知道，不是世界放弃了我，也不是我放弃了世界，因为，我们谁都没有拥有过！
364	0	想死是没错啦，但并不想网上约人一起走。理由很简单，都是等死的人吗，不一定，我不相信你。
365	0	怎么投保啊，我想受益人是父母，但是自杀是不算的吧
366	0	离开世界比离开自己好一点
367	0	饭很久没来了，羡慕你离开了这个世界。
368	0	我们约好了 天上一起吃烧烤
369	0	废话多说无益，诚如我妈所说，这世间唯靠的住的只有自己，抢不抢救都得靠我自救，坠入深海最后也是会浮出水面，好好祈祷自己尸身不会腐烂被人打捞吧
370	0	我已经丧在家里三个月了，我真的好想脱离这个世界
371	0	又来看你了，外面下大雨，昨天淋雨感觉今天头痛欲裂，不知道为什么，听到外面下雨，心里就有一种强烈的欲望，我好想离开这个世界。事实上，我觉得自己可能好不了了，从前两天的开心到此时的难受，原来不知不觉就变了。
372	0	恩，每天都很丧，每天都丧完继续第二天的丧，很多次想要去自杀，可是怕痛，怕死不去，怕父母伤心，可能，是因为我还不够绝望吧，也不知道，最后自杀的，到底是看开了，还是看不开
373	0	饭我微信头像和微信名改成醒醒我们回家了你还记得吗记得话来找我带我离开这个世界让我家人忘记我的存在我不想我妈难过我太爱她了
374	0	饭饭 我觉得好累啊 所有人都不喜欢我 包括有血缘关系的那些人 他们认为我的存在是污点 是耻辱 朋友也不愿意和我接触觉得我怪里怪气 我说我想死可是没有人信 大家都在笑 大概觉得像我这样的人怯懦的连死都不敢吧 可是我这次真的有勇气离开
375	0	我从来不敢对外难过啊、说要自杀啊什么的，对所有人我伪装的像个正常人一样甚至积极又乐观，可谁又知在一个人的时候有多想彻底离开这个世界？
376	0	饭 身边的一个朋友上个月跳楼走了，心里很难过，可是也好羡慕他。还有之前的乔任梁，本兮，任航，最近的华山，峨眉山跳崖，还有给你微博留过言的部分人，好多都不在了……他们都用自己的方式救赎解脱了自己。我远远比计划的死期活了太久，一直死撑到现在，可是饭&nbsp;&nbsp;我真的坚持不住了，我要放弃了。
377	0	千万不要，再想想，再想想。今早看到峨眉山女孩的遗书时我就想她是不是来过这里？会不会也来过这里？然后，在我们不知道的时候，在这135万评论里，与我，与我们擦肩而过，一走就是再不见……
378	0	不知道为什么看到好多评论，想到了因抑郁症跳楼的表姐，泪，愿你们在天堂都安好
379	0	最近好像很流行在景区纵身一跃，像鸟儿一样，不过虽然只能享受短暂的飞翔，但是最后那一刻肯定很快且没有感觉。对于溺水的人而言吧，那最后的纵身一跃也是解药啊。我要存些路费，想去看一看祖国的大好河山。
380	0	哈哈哈哈，我撑了6年多，我工作了，但是我感在一个地方住太久，我怕跳下去，所以我有着搬家。我还养了一群动物。我跟我自己说把他们养大你就可以解放了。我只能这样子，因为我怕我跳下去他们会受?了。还要被指指点点。
381	0	对抗世界的不理解很累，假装自己会痊愈很累，强撑着笑脸很累，一个人面对巨大的绝望，很累。所以最后，他们身心俱疲，选择离开这个世界。
382	0	我二十几岁，却比同龄人经历了很多，单亲家庭长大的孩子，从小受尽别人异样的眼光，有过想死的念头，可是想了想母亲和我女儿，下不了狠心。生活再苦，也要活下去，我不欠谁什么，余生，我要对得起生我的人和我生的人。世界少了我一个人没什么，我只是很难想象，我死了以后，母亲白发人送黑发人的感受。
383	0	我也想死一死。可是死的勇气都没有
384	0	想死掉
385	0	感觉自己得了抑郁症，想死的念头每天都有，也每天做着白日梦，总想着会有人带我离开这个深渊，带给我快乐与温暖，让我不再害怕明天。所以总是回复着那些和我一样的人，让他们感到温暖，让自己走出来。
386	0	刀架在脖子上的时候，我的狗来舔了舔我，抱着他痛哭一场，我还是得痛苦的活着，我要对我的狗负责，这大概是唯一支撑我不死的理由吧
387	0	我真的好想离开这里...短短十七年 我已经腻了 人间不值得
388	0	不开心就要一直想，越想越不开心，再遇到一件事更是崩溃，崩溃就想哭，遇到不了解我的人指责就会大发脾气越来越讨厌这个人，恨不得拉他一起死，易怒易暴躁易冲动易情绪化易哭易神经易反感社会易恶心讨厌自己
389	0	我对生活已经毫无盼望了 生活它对我不好 我整个世界也是失去了意义一样。你说怎样才能离开这肮脏的世界
390	0	饭饭，好不容易周末回趟家，两个又吵架了，又是因为我，饭饭，有时候我真的会想，希望爸妈早点走，这样我承受完失去双亲的这种非人的痛苦后，就可以毫无牵挂不怕任何痛苦的离开这个对我毫无意义的世界了
391	0	我厌倦了这个世界，可是没有勇气离开这个世界，我放不下爸妈放不下妹妹弟弟，我每天在这个房间里不想出去不想接触外面的人，我该怎么办
392	0	心慌，流泪，绝望，心痛，难受，想逃离地球，活着很痛苦！
393	0	我真的不想再笑了 我想大喊 大哭 大声告诉全世界我很累了 我是真的撑不下去了 可是当一个人乐观久了 哪怕她在上吊 别人都会以为她在荡秋千
394	0	他们都有梦想 世界很美好 可是我还是决定了要去赴死
395	0	我真的好羡慕那些可以无所顾忌离开这个世界的人
396	0	昨天晚上头很痛 很痛 痛到想撞墙死掉。是泪水模糊入睡的一晚上。醒来觉得好累好累 。我又变得不好了。病情很反复。今天也是孤独的在世界里痛苦的呆一天。
397	0	最无助的是亲戚的刀向我砍来，人心其实谁也摸不透，我祝福他们早点死。让他死去的弟弟，我的父亲看看，他所谓的家人是怎样逼迫他留在世上的儿女的，最千刀万剐是那几个满腹仁义道德，但双手充满献血的人，
398	0	"走饭，我第一次知道你，也第一次留意到你。你知道吗？我也很想离开这个世界。这是我换抑郁症第六年了。吃药吃了五年。什么时候能够戒药，遥遥无期。。很多人无法理解我，我也很多事情无法理解别人。就好像，我不吃药就睡不着。我不求理解，只求别瞎扯我们会伤害别人。我一直隐藏自己的没心。我好累。 <a  alt=""http://t.cn/Rsm9EZi"" suda-uatrack=""key=transmit_pic&value=transmit_pic_minicard"" href=""javascript:void(0);"" action-type=""widget_photoview"" action-data=""object_id=1022:230597293f099f21b79a392c08e04d54bb8c58&pid=746257c2gy1fv4wc0lz0qj20qo1betmo&mid=3424883176420210&cid=4282856920118461&short_url=http://t.cn/Rsm9EZi"" imagecard=""pid=746257c2gy1fv4wc0lz0qj20qo1betmo""><i class=""W_ficon ficon_cd_img WBficon"">?</i>评论配图</a>"
399	0	我们一起私奔吧
400	0	自杀这个念头已经有几年了 可是我怕疼 想没有痛苦的死了 想死的时候没买安眠药 就这么又拖了我这么久 为什么我平时跟没事儿人一样 在别人眼里我是最活泼的 就像疯子一样 我觉得我很开朗啊 可还是有自杀的念头
401	0	你怎么这般绝情，把伤痛给我，自己过得好，如果我离开这个世界，你对我会愧疚吗？曾文贤
402	0	等再存点钱给父母再离开人世吧。不能看着两老离开我的那天我比他们先离开吧
403	0	饭，我没有勇气自杀，我还有父母，我不能让他们难过，可是我好难受，我爱他但我没有好好对他，他也爱过我的，只是现在不爱了，我们结婚后他出轨了，他说跟我在一起好压抑，翻着之前种种的压抑，他出轨出的理所当然，说都是我逼的，我真的好痛苦，真正爱过却不知道怎么爱失去了他
404	0	评论已有136万了 我爱爸妈 每次有死一死的念头都会想起他们 至于我为什么想死一死 大概是身边永远没有朋友 身边曾有一个 抢走了我的男朋友 是的我也没碰到过一个好男人 我认真对待的每份感情都会被糟蹋 现在 我已经不相信任何人了 我讨厌孤单养了只猫 因为掉毛爸妈总是让我送人 我不知道会撑到什么时候
405	0	大概4-5年前，想死的心情特别浓烈，后来去欢乐谷感受了一下，过山车，当车把我带到最高点时，我在想，跳楼大概是这种感觉吧，一瞬间觉得太可怕，然后就放弃了，后来我特别喜欢一切刺激的游戏
406	0	身在他乡的我也有比较严重的抑郁症，许多许多的事情压的我喘不过气来，不敢回家，不敢接触人，只去工作，最近有点崩溃了，不知道是否该离开这个世间
407	0	比离开这个世界更难的是 留下
408	0	没什么要倾诉。没有遇事激动。没有痛苦没有很难过。很清醒，不是一时冲动。想清楚了，没有可惜的事，没有想要做完什么的欲望。是平静的。这样的时候，自杀不会后悔也没有办法被救。如果扛不过去，就过不去了。这时候，自杀干预热线，心理咨询，朋友的陪伴，药物治疗都没有用。还活着只是一时放弃自杀了
409	0	真想離開這人世間。
410	0	真的被自己的思想和阴暗所淹没，可能会神不知鬼不觉地走吧。我不会留遗书的，因为我认为走就该走的洒脱一点，遗书太累赘
411	0	我不知道我是怎么了，我把自己藏起来，可是我想做我自己的时候，所有人都不接受，今天看了跳崖女孩的遗书，字字句句都如我，我真的不怕死，只是我怕家人伤心，我已经撑了，5年了，我不知道还能撑多久，等我！
412	0	饭。我想早点离开这。每天都告诉自己。再坚持一下。等我有能力了。等我有钱了。我就走。离这里远远的。离他们远远的。然后去过我想过的人生。但是我现在连希望都没有了啊。我连骗自己的理由都没有了。
413	0	饭。好想她能回来。虽然现在的我一无所有，但是我已经计划好了。昨天哀求了一天未能如愿。不想再找理由和动力了，好累。看着她的绝情，或许她不会那么伤心。我很害怕去一个没有她的世界，好想见到她。饭，给我点勇气。就是死一死没什么大不了对不。煎熬和挣扎太难受。我们相见的时候我能抱抱你吗。
414	0	饭饭，当死神的手牢牢抓住你的时候，你有没有期待有一把生的希望的温暖你？好像有一场只让自己死的天灾人祸，这样对谁都不必抱歉，安安静静的离开。人常说佛能度化一切烦恼，可有时候也发现佛能做的只是一遍一遍的听我们内心里的祷告和求救，如果真有轮回，好想这一生魂飞魄散。假装开心的样子，好累
415	0	想逃离这个世界，可是没勇气，要去山间与世隔绝
416	0	不好玩不开心的话，组队徒步去西藏啊。走最危险的路，看最好的风景
417	0	痛苦，差不多已经对这个世界绝望了，活着感觉行尸走肉毫无意义可言，等我积攒够了失望和赴死的勇气，我就去追随你的步伐！
418	0	[憧憬][憧憬][憧憬]我想要离开这个世界！
419	0	总是对自己不自信 敏感 很在意别人的想法 怕被别人看不起 也从来没跟别人说过自己的想法 总是不开心 也不爱说话了 在家里发呆看着窗外也想过抱着自己的猫跳下去 可是一想还有家里人 就取消想法了 不知道是不是抑郁症 但是感觉自己很孤独 总是孤独 爱哭 感觉自己很难熬 怎么办
420	0	有时候，真的很羡慕路边的乞丐，总觉得他们无忧无虑，这才是真正的为自己而活，而且就算想离开世界，也能做到毅然决然，了无牵挂。对得起自己也不会对不起谁。
421	0	一心求死，死亡来临那一刻，很恐惧，死了就真的什么都没有了，跟这个世界失去联系，看不到明天的太阳了
422	0	饭饭 你知道吗 我想去找你 可是我不敢直接像他们那样跳楼 因为即使我的家人以前对我不好 但我怕我自杀他们会被人说闲话 我怕他们睡得不安稳 所以我瞒着家里找了两份工作 白天晚上都上班 一天只睡三四个小时 我想要这样子慢慢的慢慢的把身体搞垮 然后不行了去找你 时间可能会比较长 你要等我 好吗
423	0	那些人说真正想死的人不会留遗言，可我是真的想死也是真的想留遗言
424	0	好久没来了，饭，想离开，从这世界。
425	0	我一直都放不下她我不知道什么时候才能忘记。我好想离开这个世界。爸爸妈妈我也不管了。我好想解脱
426	0	好想知道另一个世界什么样子，但我又在担心我离开后的这个世界，身后事还没处理好，不能死
427	0	今天有人在我公司附近商场跳楼自杀了，心里很不好受，告诉我为什么生命会这么脆弱，这个世界这么残忍
428	0	真的越来越想离开。小时候会想死一死看谁在乎我，不明白死了就回不来了。现在想真的没什么比死更解脱吧...
429	0	饭，我觉得死一死真的挺好的，我动过无数次念头，可是最终没有，但是今天我想明白了，我放不下家人，我要存够钱给他们养老，立个目标存到30万给他们养老，然后我就可以安心的走了，这样他们就不会没人照顾了。我想的很周到对不对。
430	0	等我回过神来，哦，不在了，能将你轻轻放下就好了 我这样想了很多年。但我这个人身上没有奇迹。把我丢到沙漠我不会找到绿洲 扔进海里我不会抓住浮板 任何绝境我都不会生还。你的皮肉是会熔化我的岩浆 骨架是会活埋我的雪山&nbsp;&nbsp;看清了心惊肉跳 逃都为时已晚 只有灰飞烟灭才可佯装从未到过你身旁。 ???
431	0	不如来昆明找我吃饵块喝梅子酒再去看看洱海
432	0	给过我爱情的人离开了，留下我一个人，守着想丢又舍不得丢的回忆，我想和他一起离开的来着。可是以前那个爱我的人啊，我好舍不得他就这么走了，他如果知道他变了之后这样伤害我，会不会心疼我。
433	0	我想要离开这个世界了……为什么要给我光 我很讨厌这里 为什么会变成这样 我甚至想掐死自己 我 我真的很不喜欢这里
434	0	压抑的喘不过气。一合上眼就浮现过去。眼睛又肿了。太没出息。想要同你一起离开
435	0	饭，自杀被救朋友告诉我你的故事，原来差一点我们就在同一个世界了。朋友眼里无比乐观的我，自信心满满的我，好像被这个世界开玩笑了一样，挚友离世 喜欢了我十几年的男生自杀，兄长被拘。所有的自信，不服输，上进努力，好像都没有意义了，朋友问我不能好好活下去吗？我不知道，真的不知道。
436	0	我也准备离开了，不过不是抑郁症，是肺癌加甲状腺癌，双保险[笑cry]希望有缘遇到你[嘻嘻]
437	0	可是我怕伤害，怕伤害人家女方，我不敢结婚也许是因为有你这样的老爸，也许是因为我这样的人就不该拥有爱情一样，我想离开这个世界，因为我发现我一直都在好好的和你相处，可是你永远也不知道去改变，知道你有病，但是我真的希望自己有神经病，然后像你一样不问世事，一个人活在自己的世界里，
438	0	现在真的好难受，很痛苦，每天都很痛苦。好想离开这里
439	0	饭，你把我带我吧！已经没有力气再自我安慰了。想离开这里了
440	0	饭饭 你有写遗书吗 你是很冲动的走了还是理智的走了 你有想过你妈妈会怎么样 诸如此类这些的吗
441	0	看来毒害的不止个别人。都是我们的贪念把我们推入万丈深渊。我才27，人生才刚刚开始就面临结束。我也不想这样的，与其这样生不如死，可能离开这个世界就可以重新选择了吧，我想去第三世界吃后悔药。
442	0	饭 我真的好难过啊 我不知道还能撑多久 要不是因为爸爸妈妈 我可能早就离开这个世界了 这段日子 所有的一切都向我砸过来 我也不知道压死骆驼的最后一根稻草在哪里 我只求在它压死我之前 能出现一件让我觉得生活是有意义的事情吧
443	0	哎，心情沉于低谷，好想闭气不让心再跳动。求助于任何人都是无果，包括父母都是不可信不靠谱。没人能够理解我的痛楚和心境，我想摆脱离开，是多么艰难困苦啊！上天，为什么对我的考验这么多，这么苦难，我都快撑不住了，你再不赐予任何点点希望，我将沉沦于大海，将这生命献出。求不多，唯有情感和心动
444	0	还没看过海死之前一定要看看海
445	0	为什么世界末日是个骗子啊，大家一起消失真的是最好的结局了
446	0	我妈说 我什么都烦她 让我去跳楼 讲真的 我就是应该死的。妈卖批 当初干嘛生我下来 舅舅他们都说扔了我的 你干嘛那么心软 就是你心软 人善被人欺 不然你也不会被现在这个后爸欺负你 什么都给不了你&nbsp;&nbsp;还要骂你 当你是保姆小二一样。你说了 如果没有我 你就会好一点。
447	0	那一点点求生欲被满满消磨，我没有你的勇气，但是我好痛苦……我好想离开这个世界，这个世界好恶心～走饭我想离开这里，
448	0	让我离开这个可恶的世界吧
449	0	他说如果我现在出事，他也脱不了干系的，所以我尽管特别想死想离开，我也要撑一撑，我想离开这，离开他，我很爱他，所以我不能连累他
450	0	我们都知道如果再这样持续下去，只能这样过完一辈子了，我们都明白我们没有跳下去的勇气
451	0	饭，可能有个人离开了，没能帮到他，我也没能帮到你，就像没人能帮到我那样，如果我不想走出这个病，吃药也是没用的。饭，你离开了的这个世界，还会有很多人知道你，每晚在这里自言自语。我们也许在哪天最后一根稻草也断了的时候，也会随你而去的吧。生而为人，活着很累
452	0	我不要再活着了 他们明年离开这里 就我自己一个了 我没有生存能力 我只有自己乖乖离开这个世界。
453	0	奶奶，我想和你一起去。我不能接受以后的几十年我要一个人孤独的活下去，是真的接受不了，杀了我吧
454	0	我想去找你，离开这个世界，离开那些痛苦
455	0	以前看新闻看到有人自杀也会和别人一样的想法死都不怕为什么怕活着现在看到别人自杀都会很难受觉得很可怜也很羡慕，以前再难受都会想到一件两件哪怕是很小的事情都可以支持自己活下去都能振作起来现在我真的365天每天都想自杀太恨自己太难熬了
456	0	饭，我真的熬不下去了，我好想走，好想离开这个世界
457	0	收到个私信，问我怎个死法方便快捷。忘记在饭这里写过什么了，不过还是感觉有点好笑，一方面国产手机国产软件真不敢随便说话怕死不瞑目，另一方面我个人又没办法给死亡做什么测评。目前为止测试过的，连续两顿不吃饭、不饿但有点神志不清，对疼痛的感觉会降低一些。不吃饭还晒太阳会感觉更晕。
458	0	今天也是一样的惨绝人寰，明天更是如此。早点离开这个世界真的是很幸福的事。
459	0	没什么好说的了，就是已经很难受了，已经半年了就想好好的休息，想一直睡下去，母亲是不可能理解的了，找过的医生是个二流的没有什么用还更让我难受，已经没有动力了也几乎没多少意志了，但又怕，怕割腕那钻心的痛，怕安眠药那致命的痛苦。你看，我的组织的语言读起来怪怪的但你一定能懂我吧（求治疗）
460	0	我很难过 我想离开这个世界
461	0	是不是捐了器官，骨灰洒向大海，就可以来世不再为人？
462	0	那也没关系 我和她一样 就想死一死 见不见无所谓
463	0	好像这种感觉有好多年了。尤其是这两三年。我过得好累。可不论活的再痛苦在家人面前我都会开开心心的。这几年夜深人静的时候，很多次，就是有那么一瞬间。挺想离开这个世界。我也不知道怎么一直都还是苟延残喘的活着。
464	0	用一个完美的方式离开这个世界…还可以给家人留下一笔钱
465	0	试图把我拽下深渊的你何时才能罢休 我很尽力的在挣扎 如果有一天我真的没有力气了 我只好随你一起坠入深渊.
466	0	今天中午不小心 遇见了她 她从我身边不到一米的地方走过去 我连看都不敢正眼看她 然而 我走过去的那一瞬间 我又差点不能呼吸了 心跳瞬间加速 那一刻我感觉好像要死一样很痛很痛&nbsp;&nbsp;我多想离开这个世界我再也不因为想她遇见她然后一了百了
467	0	每时每刻都有人离开这个世界 为什么不能是我呢
468	0	我很累了。想离开这个世界了
469	0	饭啊，我好傻啊，为了得到朋友同学的关注，我甘愿做跳梁小丑，到头来却成了笑柄。朋友同学我接近不了，家人我厌恶至极，陪伴我的猫也离我而去。想哭却又哭不出来，我连哭的权利也没有了，这样的人生，我不要也罢，可事实摆在那里，我必须得接受。饭呐，我何时才能见到你？
470	0	不知道是不是自己老了还是怎么的。总是想到死，一想到遗书要写的东西，我就止不住哭。也许这一生太多难过，从未被谁理解吧。
471	0	其实我好希望有世界末日，这样我就可以不用为我的离开找理由，名正言顺的远离这个世界
472	0	一个人在这个世界上的牵绊太多了，连自己选择死亡都成了奢望
473	0	饭饭，我没有抑郁症，但是也很想死，不知道抑郁症是什么样子，只知道我现在是真的真的很想去死。想了七年，从一开始的兴奋到现在满脑子都是去死去死去死，现在在想怎样才能把自己的死亡带来的负面影响减到最低。当我有了弟弟或者妹妹的时候，我就会离开
474	0	饭饭呀，今天我一个喜欢的女孩子，她突然说，希望明天放她的葬歌。直白点就是她希望去死。我突然好难受，看着喜欢的人这样，我却不能穿过屏幕去抱住她。假如她真的自杀了，我恐怕，也会和她一起吧……她是我和这个世界唯一的接触。没了她，我找不到第二个可以倾诉的人。
475	0	饭饭，为了活着而去《自杀》会是怎样的体验？简单的行囊简单的上路，这一次滇藏线之行我徒步去走完。这一路上什么情况都会发生，生死各一半，狠下心去寻找自己。有没有伙伴要一起，有的我在拉萨等你，没有的话就这几天我就出发了。
476	0	想自杀，如果父母不慈祥就好了，如果爷爷奶奶不慈祥就好了，这样我也就没有任何牵挂了，也不用理会别人的眼光了，自残过，每天想着怎样离开才能不惊动父母呢
477	0	问我室友，活着有什么意义呢，他看着我，不知道，要不咱俩跳下去啊
478	0	想死又不敢死，真的好痛苦，谁能帮帮我吗
479	0	我想想 一直是个心理脆弱的人。初高中就有想自杀的经历，高中严重到想去看心理医生 现在情绪又重返，好想自杀
480	0	还说大不了一起死
481	1	最近好不容易没有犯病了，可是今天看了微博上说庆阳那个女孩跳楼自杀的事，瞬间就不好了，感觉人有时候不是人，这就是个地狱
482	1	现在想写遗书，可是没有好看的纸，我明天买了写吧
483	1	割腕真疼
484	1	有人要一起死的嘛
485	1	吸稀有气体自杀是不是不痛苦啊
486	1	我第一次那么想要跳下去
487	1	我的嗓子很痛 我想跳楼
488	1	大家可不可以一起建个群啊、我也想死、带带我
489	1	没有一天活的有意思。今天中午的时候想象着新闻里跳楼的那个人如果是我也会放手。
490	1	和他分的第二天我割腕了 三刀 压根没卵用 现在左手留着三条线
491	1	每到晚上就特别想死，很丧。现在在给自己写遗书，每天写一句，写完我就去死啦
492	1	所有想死的人都跟我一起走吧
493	1	割腕中，疼痛的感觉能更清醒
494	1	阿 我昨晚想跳楼的 在窗台从三点做到六点半 好高啊 我一个人 其实还是挺怕的 就是 感觉自己一个人啊 腿都软了 我还是不敢跳 看着天亮 就从上面下来了 不想被看见啊
495	1	我买了九点的机票 我去机场的路上会不会被滴滴司机杀了 不过我又不好看又不值得杀我 那我啥时候能勇敢的去死啊 整天想着死但我又怕死 真失败
496	1	看了很久女孩跳楼的新闻，如果猥亵是发生在我身上就好了，这样女孩会没事，我可以带个人渣陪我去死
497	1	有没有一起的
498	1	跳楼?
499	1	上吊
500	1	割腕
501	1	来啊我们一起死掉吧 没有痛苦 没有难过 不会有那么多无奈的绝望 无力到再也抬不起头 来啊来啊 我们一起快乐吧
502	1	我也用安眠药自杀 没有成功 结果我断片了
503	1	突然发现跳楼死相也不是很难看
504	1	有没有人一起死的做个伴
505	1	但你想想遗体还是应该无痛的走。
506	1	我不想跳楼想无痛死
507	1	饭 我真的好没用啊 我真的现在就想找出租屋烧炭
508	1	有房间吗？一起死
509	1	有没有一起相约烧炭的
510	1	现在学校在期末考试，七月八号我就能回家了，回家就可以自杀了。其实最近一直想吊死，可是死在宿舍会给舍友留下不小的阴影。我也想好怎么死了，在一个阳光明媚的上午，躺在一个装满水大盆里，透过水看天
511	1	我的刀快到了……期待我能见到你小饭饭～这是第一次尝试割腕自杀希望能成功，成为最后一次
512	1	我伤害自己，同时也会伤害关心我的人，可是我真的忍不住啊，为什么会忍不住想割腕，流血，我是不是有病。
513	1	胃痛 我想流泪可是流不出来了 准备准备 烧炭吧
514	1	今天看到一则新闻说，有一个女孩子跳楼了，抑郁三年，我想她一定很绝望，那天我做梦时，梦到了我自杀，梦里的我如她一样，很难受，死了，但是醒来发现居然是梦，好可惜
515	1	又是一天过去了。 K对我说我们会不会一起跳楼？ 我甚至隐隐期待，身体坠地脑浆迸裂的那一刻。
516	1	有约烧炭自杀的吗？
517	1	约烧炭么
518	1	有没有一起死的
519	1	是不是跳楼不知道，因为我想遗体完整一些。
520	1	很压抑，很难受，决定跳楼 再见。 201807.29
521	1	刚才在四楼，一瞬间有冲出去，跳下阳台的想法，我早晚有一天要背自己逼疯掉。总是想着离开人间的死法，只是在心底一直告诉自己要活下去。
522	1	饭，是我自己无能，承受不住生活的压力，昨天还分手了，所有的事都不顺，我遗书都写好了
523	1	自杀方式里我觉得目前跳楼是最快能解脱的，一下子就肝脏破碎，死亡窒息。
524	1	我今天决定也去死一死，如果明天我没有删除这条评论，希望您能为我点一支蜡烛。
525	1	我去蹦极就是为以后跳楼做准备
526	1	那天做心理测试，做出来自己潜意识里，还是最想死。我？？？？？确实，行尸走肉活着不如死了，但是我不想爸妈伤心，没有爸妈，我现在从图书馆跳下去都没事，贼开心。
527	1	在楼顶想了很多种死去的方式
528	1	不开心的都去死一死
529	1	想带上我妈一起死，她看起来好像跟我一样活着很累
530	1	求推荐能死的方法，勒自己试过了后面晕过去就没力气死不掉，割腕最后他妈被发现送医院没死掉，吃了杂七杂八的药除了肚子疼也没死
531	1	真心想死，除了跳楼还有啥
532	1	哦对了我有大个玻璃球，卡死总行了吧，我去试试，窒息的话查房之前应该能死掉
533	1	你是艺术的产物 它赋予了你生命 就像我们避开一只蚂蚁一样的简单 所以我要回到艺术里 那种人性的艺术是无法用任何物化的东西可比拟的 我们一起去死吧
534	1	真的好想去死，我已经坚持不住了，有没有人哪里适合死的地方，没有人知道！就这样死去！
535	1	一起啊，有没有兴趣去西藏，死在一个漂亮且没人知道的地方
536	1	有没有人愿意组团去死的！死在一个没人旦且漂亮的地方，具体死在哪里，可以一起讨论！
537	1	我在武汉，你在哪里？我看你简介是在内蒙古！我也是坚持了3年，实在是坚持不住了！想死，但不知道用什么方式好一点，我想死的悄无声息，很烦！
538	1	为什么妈妈当初不抱着我跳下去
539	1	我可以带着妈妈一起死吗 如果我自己死的话 她会很痛苦
540	1	一个半月前确诊的中度抑郁症，现在不敢吃药，因为还要考试 也怕胖。一个月前被父母押回老家，虽然正常上班但是每天晚上都要情绪崩溃都要哭，拼了命想逃离这个城市，还被父亲天天打击威胁施加精神压力，就在昨天甚至有跳楼的念头。好想坚持下去但是好难好难
541	1	最近感觉就像在悬崖边看景色，谁阻止我我就跳下去。以前总是告诉自己，去吃顿好的，撑过这场就好了，总会好的，最近觉得呵呵，好不了了
542	1	黑龙江 一起走私信我。我是学生 没有其他坏想法别担心
543	1	我想买晕车药或者是开煤气??
544	1	有点羡慕国外能用枪自杀的，感觉很方便。
545	1	我在好好工作好好生活了 努力积极向上 也谈了男朋友 可是我更累了 我依旧抵挡不住它的来势汹汹毫无征兆 能够瞬间摧毁我的 还是抑郁症 时隔半年 现在我还是好想打开窗跳下去
546	1	明明很想死，却有想活着。每天都在活与死之间犹豫，但我知道，死赢了大半。唯一能救回我的是我的老公，可我不知道如何能收走他的心，太痛苦太痛苦了，孩子一周了，我要什么时候死，他们姐弟俩才会不难过呢？我撑不下去了，我想试割腕，
547	1	我会选择跳楼
548	1	不会死在床上的 会跳下去
549	1	有没有一种死法，死了还可以保证器官都能捐献
550	1	我写好了一封不知道什么时候会发出去的遗书，我还想再挺一挺，可是我真的撑不住了，我妈说她晚上十点回来，我要不要趁她不在的时候勇敢一点呢？
551	1	听说烧炭也不容易，想死又怕痛苦
552	1	啊 对了 听说吃了安眠药烧炭也有可能中途醒过来 意识清楚却无法动弹
553	1	我找时间去承德七星湖，跳那里的沼泽也不错[伤心]
554	1	跳楼好痛的&nbsp;&nbsp;会游泳的人跳河死是不是会很痛苦&nbsp;&nbsp;而且我有一点害怕 尸体浮肿烂掉飘在水面上
555	1	吃安眠药自杀也很难受 我试过
556	1	我想跳下去
557	1	要从高楼跳下才能得到快乐
558	1	所以我要跳我一定不让他们看见，他们要是让我跳我跳了就好像顺了他们的意思，mmp老子跳不跳他妈关你们屁事??
559	1	本来想在冬天死去，连自杀的方式都想好了，毕竟夏天烧炭太热[挤眼]，不过，现在看来要提前了[摊手]
560	1	走饭 你好 羡慕你走的那么洒脱 也佩服你的勇气 上吊这种方式我想也不敢想 每次有跳楼的冲动一看那么高觉得太可怕了 安眠药可能是我唯一敢尝试的 不知道自己还能撑多久
561	1	割腿上比割手腕出血要多哎 我觉得可能是我腿太肥了 所以一割就会有很多血
562	1	我现在好平静啊，平静到如果发现自己就站在六楼边缘，也可以毫不犹豫地跳下去
563	1	什么时候一起去死
564	1	有没有病友一起死啊
565	1	脱离了现世苦难的人们，你们愿意带我一起吗
566	1	又成都的约自杀的吗。有的滴滴
567	1	成都约自杀的滴滴。。。。
568	1	有约自杀的吗，成都，私信滴滴哈。是说真的[微笑]看到无病呻吟装抑郁的真的觉得搞笑。
569	1	我很害怕跳楼 可我越来越只求快 什么也不想顾了&nbsp;&nbsp;没什么留恋的
570	1	饭啊，我很痛苦，每天都看着对面的高楼，想像跳下来的那一刻。不想累及他人，该找个没人的地方偷偷的去死吧。
571	1	一年前割腕的时候 就该割得深一点 再深一点 这样就不会有今天 也不会有以后
572	1	跳海怎么样
573	1	饭饭 我过的好难过阿 呼吸特别困难 我好想跳下去
574	1	我觉得跳楼快准狠
575	1	一氧化碳中毒，烧炭
576	1	准备好胶带……烧炭的时候把安眠药喝下去……空间越小越好……一起？……
577	1	其实我可能就是自暴自弃的那种，我就像长不大的孩子，明明生活有希望，可是就是讨厌现在的生活，也找不到对象，一个人堕落，真想快点结束这样的生活，可是真的很害怕死，究竟是上吊还是跳了好纠结，谁可以帮我
578	1	你还是适合直接跳楼
579	1	吃药，心理治疗，都没用啊，心理始终有过不去的坎。有想要自杀的人吗？一起吧～快点结束这个绝望的人生
580	1	真羡慕你，自杀一次就能离开这个世界，而我，自杀了两次，都被救活了。[摊手][摊手][摊手]现在网络喷子这么多，我在考虑，下次自杀还要不要发微博了。。
581	1	我也准备来找你了，走饭，一直以来虽然想死过很多次，没有一次去真正做的，可是如果真正决定走了，就不会有回头路。我决定两个星期后结束，喝农药，去大山里，归于大自然。我也可以解脱了。。
582	1	我跳下去吧
583	1	我终于懂了为什么很多人喜欢割胳膊了。。。因为没有手指那么疼[允悲][允悲]不过。。我啊。。哪里都喜欢
584	1	明天我替大家试试烧炭感觉如何
585	1	安眠药加烧炭
586	1	前天在外地的宾馆，打开六楼的窗户，假如我跳了，一切就结束了，就不会再这么痛苦
587	1	约吗？我也很想死
588	1	我再也受不了了 怎么会有这么恶心的人 真的过不下去了 不离开这样的人我迟早也会去死的 去死吧 去死吧 去死吧 不要管身后事了 跳下去就无所谓了 一了百了！！！
589	1	约呗，活着有啥意思
590	1	约吗？一起死吧
591	1	多年后我会不会后悔这一刻没有跳下去
592	1	18楼跳下去会死么？
593	1	再挺一天试试 我遗书还没写
594	1	今天没跳，我再想想，没想好带着孩子一起走还是我自己走
595	1	我希望痛苦是一种可以转移的东西 它可以是个挂件 是件衣服 是枚图腾 我会收集所有人的痛苦然后装进我的背包 然后我带着包跳进夏威夷的活火山 焚烧一切
596	1	一起离开吗？我在湖南常德。
597	1	有一起去死的吗
598	1	有谁想我一样，说着去死然后现在还苟活着？走饭，我试过上吊了，我喜欢那种意识沉沦在无尽黑暗里的感觉，可为什么我没有死在那个阳光明媚的上午？连死我都做不到了吗？我知道的，是我还不够勇敢，我这一生的勇气都要尝试着用来自杀了
599	1	要不要一起
600	1	我好可怕啊 现在真的想跳下去
601	1	想跳楼，好害怕
602	1	跳楼的时候，你们起哄吧，
603	1	我刚刚就想跳了
604	1	我特别想去蹦极几千米高的那种
605	1	最好是在美妙的早晨上吊自杀。
606	1	准备今天下午烧炭。现在忽然心情平静了
607	1	真的会想要不去死一死
608	1	饭饭，最近总是幻想从楼上跳下或者拿刀捅自己，我觉得我总有一天会让这些变成现实的
609	1	你们知道我为什么想去四川吗 因为我希望给我一场地震 我就能离开这个世界。
610	1	饭饭，刚刚我没控制住在饭桌上哭了出来，父母就和我吵了起来。他们说，讨厌我这样无缘无故就知道哭。其实我已经很久很久很久没有这样突然崩溃了，只是他们一点也不了解我。一不小心，我又躲到房间拿起刀割手臂，居然给朋友打了通电话，她一直在安慰我。又麻烦了别人呢。我只是想活着，为什么这么难呢？
611	1	烧炭失败了，碳红了就感觉呼吸急促，缺氧。
612	1	谢谢你，烧炭失败了，准备再坚持一下。
613	1	我特别遵守交通规则，因为我要克制住撞向车的冲动，自杀就自杀，不能害别人出事故。警惕自己不能服毒，不能跳楼，因为我还要捐器官。献血不能献，我也一身的毛病，但愿器官还有点用。
614	1	有谁能一起烧炭自杀嘛
615	1	一个小时前决定今晚死，一个小时后觉得还可以撑一撑。我没有任何痛苦最让我痛苦。想喝酒了
616	1	那也要拉着你们两一起死
617	1	吃了一碗劳拉，现在的我绑着上吊的绳子，希望这次，不要再断了
618	1	一起死在这歪歪扭扭的世界里吧
619	1	死在家里晦气 跳河呛水太难受了 安眠药也很痛苦 想来想去没有一个好的办法 我认为好的办法是不伤害别人同时也能获得一大笔钱赔偿家属&nbsp;&nbsp;没这个机会时我是不会死的 所以苟活到了现在
620	1	饭饭，我也想烧炭自杀，可是我买不到安眠药也没有那么多木炭，更没有能容纳让我屋子产生足够一氧化碳的火盆。死都这么难。
621	1	用物理疼痛缓解心理疼痛，段时间的确有效，但长期以往真的不行。我之前眼睁睁看着我朋友拿刀要切自己，当时懵了没反应过来，但还好及时抢走了刀，不然可能当时我俩都要进医院了...希望你不要再沉溺下去了，受不了的话还是用橡皮筋吧，要好好的，别再流血了
622	1	我想跳楼呀 真的纵身一跃 什么都没有。生命停止了 痛苦也是
623	1	想走吗 跳楼怎么样 我也撑不住了
624	1	一个不幸的消息，我找到了吊死自己的方法，我可以不会下的去手，但是我可能会一直这么折磨自己。
625	1	每天都在幻想着自己是怎么离开的 是意外呢还是我鼓起勇气自杀
626	1	割一刀睡觉，完美[羞嗒嗒]
627	1	好想死啊 我想喝酒加头孢加安眠药 然后跳楼
628	1	饭，上吊好难受
629	1	烧炭难受还是上吊难受
630	1	烧炭还是上吊
631	1	我也想跳楼
632	1	我想跳楼 真的快准狠
633	1	你试过吗 我想跳楼 曾经也想上吊 但想想就难熬
634	1	上海约死 私信我 不跳楼什么都好说
635	1	饭，之前真的没有原因地想放弃生命，频频梦到自己跳河，被救起来后拿刀扎自己心脏，躺到车轮底下被碾等。可能我潜意识真的想要自取灭亡，可是昨天听到医生同学讲的病房里自杀的患者，其中有喝了两种农药一心想死，抢救了七天被宣布被没救了才说我想活的。我害怕那样未知的求生欲，怕后悔
636	1	想从楼上跳下去又不敢
637	1	上吊疼不疼
638	1	写好遗书了，
639	1	我不知道怎么办了、我说过死死死、我熬了这么多年、我想死了这么多年、我还活着我已经很勇敢了、没有人会永远爱我、我觉得我是个疯子是个傻子、我不适合做人、今天下雨了、我好想跳河死、只需要几分钟我就可以远离痛苦了多好啊、希望我今天可以成功[太开心]
640	1	我也想跟谁一起约烧炭自杀
641	1	不如一起死吧
642	1	不如……我们一起去死吧？要有一起的吗？
643	1	小时候从三阶楼梯跳下就能获得的快乐，长大后要从几楼？
644	1	我早就想好怎么死了&nbsp;&nbsp;上吊最舒服了&nbsp;&nbsp;但是不知道该把绳子栓在哪儿&nbsp;&nbsp;准备自己在墙上拉一条线
645	1	我想自杀 请问安眠药吃多少可以死掉
646	1	等过完今年，我想去死一死。
647	1	感觉自己现在像在悬崖边上上吊一样，还有一口气，活不了死不成。
648	1	约死么，坐标深圳
649	1	烧炭是让你在睡梦中缺氧死去，痛苦感最小
650	1	跳下去是一件简单的事，但如果被亲情友情爱情和外界所有和自己有联系的东西拉扯着，就变得连爬上天台的能力都没有了
651	1	这下猛药的方式不适合我，老实说吧，我都不敢站在我家楼顶，久了我怕会跳下去，到时半死不活，因为才3层半。
652	1	阿饭，我前几天吃药自杀，然后被抢救回来了，然后我男朋友和我说他还喜欢他前女友，所以她俩好去了，我过几天要去跳海了，很辛苦
653	1	跳海不是个好死法换个吧
654	1	一起
655	1	饭，两三个月没来了，我这次考了班级第一，哈哈，倒数，我对学校这个让我失去了三个重要朋友的地方感到厌恶，我觉得我存在的意义就是气我妈，可能是我三观不正，但活着的意义不就是为了死吗，我真的想中途退出了，但我怂，我怕上吊死相难看，我想跳楼但我恐高，我想吃安眠药但是没时间去买，我累了
656	1	烧炭会因为缺氧而觉得困，然后你就尽管睡觉，会在睡梦中渐渐窒息死掉，感觉不到痛苦，具体你可以自己百度一下
657	1	6楼跳下去会怎样如果摔成植物人会不会更痛苦
658	1	约死嘛
659	1	听说约死？
660	1	下次割手我要劝劝自己，夏天来了，不许让别人看到。
661	1	想從陽台上跳下去 但是怕痛
662	1	随时可以去跳海
663	1	门把手怎么上吊啊
664	1	真的没人约吗，成都
665	1	山西长治，有人一起走吗，我好累
666	1	感谢您参与人间十六年游 现在可以去死了
667	1	好好爱自己 好好拥抱这个世界 别割腕啦 我爱你
668	1	可是我感觉跳楼真的好残忍啊 我有想过烧炭或者吃药又不知道什么剂量
669	1	饭，好久没来，可安好，我真的太厉害了，撑了这么久，可是失眠是个讨厌鬼，我真的好孤独，好无助，今天看见河心底冒出的念头还是想跳下去...好多委屈，都消化了，每天装出努力生活的样子真的很丑...
670	1	割脉，吊颈，跳楼，这些我都想过，可是怕疼怕窒息感，而且跳楼会死得很难看又会被很多人议论
671	1	割脉我怕血，做不到。跳楼会有翔出来，死的……很丑。跳水做不到，求生本能这个时候爆发很厉害。
672	1	烧炭不错！可是大城市没有碳
673	1	我是有想过在我的房自杀吊颈，但是是用拉窗帘的那种，就是太矮了，而且又突然会害怕窒息感
674	1	这个我也想过，没有房梁，你怎么操作的，我挂不上去。上吊做不到。我们老师还警告我们不要随便自杀，因为有人试过在宿舍自杀了，这样的。说影响别人，只是我知道在死之前都不会有人在乎那个人如何如何。
675	1	听说安眠药死，过了一段时间才会有痛苦，如果药量够大，痛苦很快过去。
676	1	就是 把头挂上去 可是我又感觉这样死不了 而且感觉吊颈会很辛苦所以又突然退缩了
677	1	香港金融危机有人烧炭，很多，那个比较靠谱？
678	1	旅馆可以吧？密闭……找个比较小的房间，弄点布把门窗户给堵了，烧炭，不难。劣质的碳更简单。或者自己租个短期房子。
679	1	吊颈是最方便简单的死法了，可是如果怕窒息根本没办法做到。。
680	1	听说烧炭一半如果被救的话会很痛苦，很多副作用，也会一直吐什么的生不如死
681	1	血小板牛逼。割腕真的是不适合我。我要换个死法了
682	1	找个善良点的人我们可以一起看满天繁星什么的然后选择痛苦最轻的方式走，危秋洁那种走法挺美好的，一身后满天繁星，山河永寂，真的挺美的再也不会这么累了，再也不用恐惧了 ???，想好一起走的聊我吧，在你决定的时候
683	1	怎么 一起
684	1	有江西的吗 一起走好不好 一个人还是有点怕
685	1	跳楼有人试过吗？
686	1	唉，其实我住在15楼的。每次都想跳，但又下不了决心。有没有什么好办法让我坚定一点
687	1	有那么一段时间朋友圈转发一个女人跳桥死了的事，我好羡慕，但是那段时间我又很害怕桥，我不敢靠近桥，我怕我自己也冲动跳下去！
688	1	嘿走饭，我又割腕了，很疼很疼，但我更难过的是我还没死，我的小狗丢了，我唯一倾诉的对象都没有了，你说我该怎么办呢，继续熬吗，熬不下去了
689	1	好想去跳崖
690	1	自我堕落 又在自我救赎 想死 却又怕死 我怎么就没那个勇气跳楼或者烧炭呢
691	1	我们一起离开吧
692	1	我想，但是没有人一起
693	1	真的 如果不计后果的 我一定现在就跳下去
694	1	最后两年安排： 1.进行一场走到哪里算哪里的旅行，寻佛问道，最后看一眼这个世界。 2.归来之后将所有羁绊处理完毕。 3.拍一张可以作为遗像的照片。 4.去一个无人的沙漠深处。 5.在沙漠前的最后一个城市编辑好交代的事，定时发送或者邮寄给大C。 6.最后步入沙漠深处，力求脱水休克或者失血休克。
695	1	跳楼也是死，活下去也是渐渐死去。 我走不出来了
696	1	饭 不记得第一次来这里留言是什么时候了 但这次应该是最后一次了 我打算去死了 有人一起吗
697	1	想死 想跳楼 但想想为了她好像不值得
698	1	我今晚真的想割腕了，希望我能死掉
699	1	有没有一起走的，有个伴仅限一人，来来报名
700	1	"<a target=""_blank"" render=""ext"" extra-data=""type=atname"" href=""//weibo.com/n/%E5%88%AB%E5%86%8D%E8%AF%B4sorry?from=feed&loc=at"" usercard=""name=别再说sorry"">@别再说sorry</a>：有没有一起走的，有个伴仅限一人，来来报名"
701	1	我割腕有人看嘛
702	1	明天找地方跳楼
703	1	我也刚GG，然后割腕了
704	1	你确定？一起吗
705	1	喝了酒跳楼是不是好点
706	1	可以啊，刚割腕了伤口一会流血一会闭合，太慢了
707	1	烧炭真的能死透吗？
708	1	我想开煤气自杀 但又怕煤气泄漏祸及他人 我怕烧炭烟太大被人发现 我不敢跳楼也不敢淹水 上吊没有房梁 安眠药太痛 割腕试过没有用 我究竟还能怎么办？
709	1	分出来了，考不上，准备跳楼
710	1	真的想走的，我们一起结个伴好吗
711	1	真的活不下去了？有没有谁愿意和我一起结伴去自杀？
712	1	我准备自杀，遗书都写好了，日子也选好了，你要不要一起？
713	1	出生的时候就应该用脐带上吊自尽
714	1	昨天吞了80多颗药想自杀 快晕的时候被发现了 送去洗胃 生不如死 还不如直接死了算了
715	1	昨晚割腕失败了，今天下午跳楼去
716	1	一起吗，
717	1	不，跳楼太暴力也太引人注目了，我觉得这世界上最有仪式感的自杀方式是溺死
718	1	真的是烧炭没有痛苦吗 谁可以和我一起
719	1	如果有人和我一起跳江 我会有勇气的 我一直都孤单 死时希望有人陪
720	1	我也快到尽头了，玻璃割腕真的不疼，但是血哗啦一下都出来了。没想到自己会走到这一步，不过不重要。我会适应这些伤口，然后越来越深，最后不会再有人觉得我是作秀
721	1	别割了 很疼的 又死不了
722	1	上吊 跳楼 成功率最高的自杀方式了 反正选择去做了就反悔不了[思考]
723	1	想代替意外死亡的人去死
724	1	如果烧炭不痛苦 那我就选择死亡 我一个人出去旅游一段时间 然后自杀
725	1	征病友 一起走
726	1	想结束这短暂的快乐长久的悲伤的一生，可是不知道怎么样才能体面的离开，害怕高空坠落七零八碎也害怕安眠药沉睡下内脏的灼烧。最好能够睡一觉，然后不知不觉的睡不醒。
727	1	何当共跳玄武湖?共筑自杀小分队！
728	1	2018-7-底 要是还没有起色 就去跳玄武湖
729	1	我很快 可能也要离开这个世界了吧 攒够失望
730	1	可不可以让我突然死掉啊 我连遗书都要写好了
731	1	不会游泳的人跳河这种死法会很难受吗
732	1	很少有跳崖的吧 怕尸体吓到人不想被围观倒可以选这个[思考]
733	1	饭饭 我家只有三楼，跳下去残了没死，会更痛苦吧
734	1	我去跳楼啦 拜拜啦走饭。
735	1	我想到要离开这个世界就特别兴奋。这种兴奋让我莫名的伤感，它已经太久没出现了，在我今晚决定要走的时候它终于出现了。你看吧，其实抑郁症患者本就不属于这个世界[心][心][心]我要走啦，再见世界[鼓掌]
736	1	要死一起死吧
737	1	有谁愿意跟我一起离开吗
738	1	想自杀的可以约我。这一生彳亍独行，希望死有人陪。
739	1	跳下去
740	1	有没有人能告诉我如何割腕才能彻底死掉
741	1	所以我说，割了拍的，我当然知道，
742	1	有想自杀的约我
743	1	今天又是想去死的一天。呆在卧室里 默默的反锁了门。拉上了窗帘。奶奶还在喊我吃午饭，我没有回应 点起了一根香烟 我家是六楼， 跳下去会死吗？
744	1	饭饭，我觉得上吊死很痛苦，我还是吃安眠药吧，嘻嘻
745	1	有要一起死一死的朋友吗？可以联系我。不必在意我为什么离开，我只是想死一死。
746	1	饭，他们都觉得我是神经病不正常的人，是啊融入不进这个奇怪世界，本就不属于我，上吊会不会好一点或者是安眠药，在撑到九月份吧，完成一个小心愿再离开，或许这个心愿也会被他们否定甚至骂我
747	1	上帝帮我把遗书写好了 他说就是今天 要带我走
748	1	坐标沈阳铁西.有约一起自杀的吗？？？
749	1	大声说自己要跳了，不做到这个地步就一句安慰都得不到，这种把戏演过几次就会把好心人的耐心消磨掉，但是明明别人连小事不顺也有人安慰自己却得不到安慰又不愿意被安慰，等到大声说想跳了也无人回应的那天就干脆跳下去吧
750	1	一起吧
751	1	听说烧炭不错&nbsp;&nbsp;不想再吊第二次了
752	1	有一起死的吗？
753	1	有人想死吗 我们一起上路 我怕死不了 我们一起商量个不太疼又肯定能死掉的方法
754	1	我现在每天每时每刻每秒都想死掉，脑袋好重，我一点都不想生活，吃饭睡觉挣钱，我就想死掉，所以深圳约死吗？烧炭跳楼都可以，其他死法可以挽留的不接受。
755	1	有一起的吗
756	1	我该怎么办啊 难道真的要去跳玄武湖吗
757	1	八月要还是这个德行 就走另一条路 十月要是另一条路也感觉不好 就去跳玄武湖
758	1	我以为你是想和我一起的呢，现在不是暑假了么？要不要一起呢，烧炭就最没痛苦
759	1	有没有人一起去死一死？
760	1	从楼上跳下去死状会不会太惨 要不换个方式吧
761	1	约个时间 我们一起死一死
762	1	原想如果这种感觉持续到25岁就在生日那天找个没人的地方把自己安葬，但是等到生日太久，所以三个月后，在完成一些事之后，快乐的离开这个世界，因为任何带着悔恨或者悲伤的死，都是不值得的，死能让自己解脱，就是好的。
763	1	我总相信 就算自己什么也不做又或者做出什么贡献社会的事 我都会再40岁前离开这个世界
764	1	可以，一起，私信
765	1	征病友一起走
766	1	昨天没死成，今天把自己灌醉就有勇气上吊了
767	1	我尝试过吞安眠药，割腕，开煤气，都失败了
768	1	走饭，今天做饭时，想到，如果自己抽烟患了肺癌之类的，也挺好的。就可以让她卸掉心理负担，一起安乐死了。看着她，我很心疼的，心如刀绞。
769	1	今晚是继续割腕呢，还是吞烟自杀啊
770	1	我要自杀了，希望你们能向上天祈求我可以死掉，不知道吞烟死还是割腕死好点啊
771	1	“痛死了”真形象生动，痛得我想跳楼。
772	1	跳楼是真的残忍，
773	1	一安静下来就想着去跳楼一摔就死真痛快！睡一觉醒来感受到饥饿感觉人又活过来了，先泡桶泡面吃再说…
774	1	想死的人我们去建个群
775	1	失眠两三年了 最近一年特别严重 大多数时候都是哭着入睡 真的太难受了 好想去死一死 但是我的债还没还完 一想到死了的话周围的人会很伤心就又打消了一点自杀的想法 但我实在是撑不下去了 好痛苦啊
776	1	跳河
777	1	我的大人们总是记不住他们对我的伤害 不管是语言上还是精神上抑或是打过我 太难过 每一天都很煎熬 前天跑去天台吹风 很想跳下去算了 可是害怕死后被人议论 说到底我还是个胆小鬼吧 我一脚踏空 我就要飞起来了 我向上是迷茫 我向下 这世界是空荡荡
778	1	饭饭，我又来了。昨天晚上做梦了，在别人看来是噩梦，但在我看来是欲求不得的事。我梦到我割腕了。血顺着手臂留下来，带走了我在这个世界留下的所有罪恶。
779	1	对不起 突然有想割腕的想法 我知道这是错的 可是感觉越来越强烈 对不起
780	1	走饭，他们都逼着我死，上吊会不会吓到别人，喝100片安眠药可以吗
781	1	当初本来已经可以死了 又被抢救回来 身上无数的管子 一天5000块钱 数不清的医药费 我更惭愧了 我更想死了 我就是觉得我是拖累才自杀的给我一份火葬钱就够了 为什么还给我花那么多钱 现在腿也有后遗症 一瘸一瘸的 更他妈好了更完美了哈哈哈哈 快让我死吧 啊啊啊啊啊啊啊啊啊
782	1	我又来啦，我刚刚差点从窗口跳下去了，我在抽烟，控制不住的差点跳下去了，我家在九楼...你在那边还好吗
783	1	饭饭 怎么办啊 原来想死的想法只是偶尔的 最近每天都有这个想法 并且很强烈 也已经在想什么样的死法比较好怎样的方式比较妥善 要不要写遗书 遗书里要不要写我最近的压力
784	1	量子自杀了解一下，你是永远不可能自杀死掉的，这个世界也行你自杀死了，可是在另一个世界你没有自杀你还是活着的，怎么办啊，注定死不了了。我自杀了6次却都活着，我要崩溃了
785	1	想试一下烧炭 似乎不会痛
786	1	所以说死撑这个词太形象了
787	1	毕不了业了 想跳河
788	1	我也想去死一死
789	1	如果大人生小孩前都能问问小孩愿不愿意被生下来该有多好 我一定选择不要生我 20多年来 快乐只有一瞬间 剩下的都是大大小小无边的痛苦 我是不是上辈子犯了什么错 要被生下来承受生活的折磨 想吃掉一整瓶安眠药在属于自己的房间里烧炭平静的死去 死了我不麻烦别人 但是却又不办不到才是最痛苦的
790	1	上吊，真的好难受啊
791	1	那天站在窗口 好想跳下去 原来那一刻是这样的感觉 你不会顾忌你平时顾忌的后果 父母 伴侣等等 你只是在压抑那个冲动 有个声音在说 跳吧 跳了就一了百了了 当你回顾这一生 全是灰色的 全是不开心 这样的人生有什么好留恋呢
792	1	我也想去死一死，没什么大不了[微笑]
793	1	你们说跳河会死吗，不会游泳
794	1	我也想死一死 可是没有勇气。
795	1	想死，一起吧
796	1	想买个熊套 穿上去以后 从高楼跳下去 人家会以为 那是别人一只不要的熊
797	1	我极度的想完成我的梦想，在25岁或者27岁去死吧，那刚好是离我最幸福的童年二十年的时候，我可以给童年美好的自己一个交代。没有任何东西让我留恋了，以前没得抑郁症时吵个架想死还会觉得为了我的家人我不能死，现在发现家人也没有在爱我，我没有什么好留恋的，我只需要完成我想做的事就可以走了
798	1	刚才坐在他车上 他下车抽烟 突然就冒出了想跟他一起在车上引碳自杀的念头。。。时间都能停留在那一刻就好了
799	1	难过的时候枕着刀睡觉说不定能在梦游时自杀成功
800	1	求求世界 让人可以自己选择安乐死吧 最好是有那种不为人知的地下机构 想自杀的人就去安乐死 然后给他钱 然后注射完死了后给烧了 骨灰随便倒哪得了 那样身边的人只会以为我是失踪了 找我一段时间就不找了 多好啊
801	1	饭饭，这次我离开了就别让我活着回来吧，我想死的舒服一点，快一点，别折磨我，我的器官还能捐献，火化之后的骨灰就撒到大地上吧，我愿守护着大地，再无来世
802	1	71楼跳下去什么感觉
803	1	每次站在高处总有想跳下去的冲动，很想很想，我也想不拖泥带水痛痛快快的离开，可我是个不敢死的废物啊[可爱]
804	1	写了很长很长的遗书，如果发出去了就真的死掉了。就是今天我特别想死。
805	1	有女生要烧炭吗，有的话联系我，仅女生，仅女生，仅女生
806	1	有那么一瞬间想过死可是当刀放在手腕的时候我又不敢了，最后在手上划了一刀虽然伤口不大但是我还了她的债，她曾经因为害怕失去我割过腕，我想这都是我欠下的债的，所有我造下的孽都要我自己来还，道理我都懂最后我什么都没有做
807	1	我感觉我长得挺漂亮的&nbsp;&nbsp;但是我跳楼就会变得很难看
808	1	我想抽完这根烟 从这里跳下去 没想到她是抑郁症 死的人却是我 对不起没能带你走出来 希望她能看到
809	1	我要跳七楼&nbsp;&nbsp;会不会死掉？
810	1	我跳楼了他们会不会有一点点自责？
811	1	我刚刚跳河了，遗书什么的我发出去了，被看鱼塘叔叔就回来了。好累，我还是死不成，可是活着的盼头是什么呢
812	1	就是遗书都不知道能写什么的那种
813	1	不敢再割腕 会被骂
814	1	有没有在衢州想要跳楼的，一起啊
815	1	跳楼最不痛苦
816	1	好想直接从窗户跳下去啊，我真的要崩溃了
817	1	燥郁自卑，早上会去想这一天的意义，晚上会思考人生不能入眠。最痛苦莫过于身边亲人不理解，甚至连你都不喜欢自己。不知算不算抑郁，我也割过腕可我又怕疼，我也想过安眠药，也曾多次狠狠掐住自己脖子企图掐死自己，至今还不是一个印记也没有。我庆幸，我只是间断的如此生活，不是每天都充斥这种思想。
818	1	我们一起死好吗
819	1	查了割腕，死的太慢，怕痛，还是去跳楼吧，希望不要活过今年，背负着对亲人的愧疚，顶着压力，请不要活过今年
820	1	想烧炭想死特别想已经决定好了但是害怕家人会难过怎么办外婆还有心脏病
821	1	要是我可以住宿舍多好 这样或许就可以烧炭自杀了
822	1	烧炭吗
823	1	去哪个城市一起？
824	1	跳楼有点怕吧
825	1	不是不想让你走，是你自己不想走，真的想走的话，八一楼跳，谁也不能阻当你
826	1	饭饭 我好难过却没人诉说 只好找你啦，我真的太废物了，连这个抑郁症都克服不了 昨晚割腕了，可是刀子好钝，我割了十几刀都没有割很深。真的想死我都没办法
827	1	想自尽的欲望越来越强烈 仅有的理智而来的求生欲像口仙气吊着自己
828	1	吃早饭的时候想找条河跳下去，开车的时候想找条河跳下去，爬楼梯的时候想找条河跳下去，相亲的时候想找条河跳下去，可是我的生活很顺利啊，我为什么这么消极
829	1	真心求死有没有一起烧炭的呀找个伴。
830	1	"饭饭，我昨晚割腕失败了。唉好难受想死都割不对地方，真的好痛啊。顺便问问有没有一起约烧炭的 <a  alt=""http://t.cn/RgmkxWr"" suda-uatrack=""key=transmit_pic&value=transmit_pic_minicard"" href=""javascript:void(0);"" action-type=""widget_photoview"" action-data=""object_id=1022:230597a17d4901641957ee484c8b4b3f4b2215&pid=a0de4a3dgy1ftig32zf7tj20qo0zk78y&mid=3424883176420210&cid=4264534354953032&short_url=http://t.cn/RgmkxWr"" imagecard=""pid=a0de4a3dgy1ftig32zf7tj20qo0zk78y""><i class=""W_ficon ficon_cd_img WBficon"">?</i>评论配图</a>"
831	1	约呗一起烧炭你敢吗？
832	1	摇着摇着我就想哭了，家里住五楼啊，每天下楼往外面一看我就在想“跳下去就没事了吧”，做梦梦到一枪崩了自己的头我第一反应是安心了解脱了，我想不会再有什么半夜的哭喊了不会再有人对别人编造我做了什么事是个什么人了，不会再被自己的亲哥哥说是寄生虫了，让我睡得久一点吧醒来要是不再为人就太好了
833	1	饭，跳楼的一瞬间会很疼么
834	1	最近因为自杀可能都出现幻觉了，尤其又看了量子自杀这个词条，就感觉自己可能真的死不了？我爸死了三个月后我第一次尝试自杀，当时是抱着必死的决心的，我选择在一片茂密树林，上吊的绳子打的是活扣就是越挣扎越紧那种，我脚踩在石头上，用力蹬开，人开始悬空，绳子开始收紧大概挣扎十几秒吧，当时感觉
835	1	当时感觉脖子疼，并没有晕眩，之前查资料说悬空的一瞬间，绳子就会阻断大脑供氧，上吊的人连后悔的机会都没有，可是我并没有晕眩，就很无奈的双手拽着脖子上的绳子，双腿夹着树，把绳子拿开了，当时我是不甘心的，一定是没有操作好，然后跑出树林买了一个凳子，这一次我站在凳子上，我先是犹豫了一会，
836	1	泰国沉船后，听说782018-9-份是泰国的雨季，我就想去泰国玩，运气好的话可以意外死亡了。
837	1	像我这种人，无时无刻都想着离开这个世界，真的很羡慕那种意外死亡的，因为我还是没有勇气自杀，特别是在听说吃安眠药自杀五脏六腑都会很疼之后，有时候就会想我会不会有不治之症呢，那样子，是不是就可以名正言顺厉害这个世界了，还好我有个姐姐，可以把我最放心不下的父母照顾好。
838	1	平时我会在这里鼓励安慰别人，可今天，我居然拿起刀割腕充满了兴奋，我轻轻的划了一刀，纪念我第一次正式准备自杀，等我攒够了伤心，可能会吃药吧，伤口太疼了~
839	1	饭，好奇怪啊，明明今天和旧同事吃饭吃得挺开心的，大学同学也找我聊天了。但是半夜的我觉得很伤感，怎么会这样呢。明明今天的一切都还好&nbsp;&nbsp;但是就是觉得很悲伤很悲伤 甚至产生了一种想要高空坠落的想法，为什么呢
840	1	约个自杀，有吗?
841	1	如果你决心够的话，一起走
842	1	想过很多种自己最终的死法。本来想服毒安乐死，但是觉得还是应该捐献器官什么的，直接服毒会损害内脏就浪费了。毕竟，生而为人，捐献器官可能是我唯一能做的一件稍微有点价值的事，并且真的如愿以偿的不费任何力气，不花任何代价。
843	1	今天割开了手腕，看到血很多很开心，以为终于可以死了，然后发现好像又不是正确位置，后悔没有学医
844	1	遗书都写好了呀...
845	1	等待我的好像只有死亡。我以前想用一种完美的自杀方式离开这个世界，直到最近，我好像想到了，并且它不一定是自杀，不是自杀的自杀，够完美了吧
846	1	从二十五楼跳下去会不会痛，我听说如果够高的话跳楼不会痛
847	1	如果前两天我跳下去，会不会见到你
848	1	自杀过五次，注射胰岛素，烧炭，都被救了。现在只是很怕我不负责任的死了，会给别人带来麻烦，有没有痛苦无所谓，只是想死的干净一点。
849	1	吃安眠药吗？有人可以告诉我怎么买安眠药吗？怎么才能集到致死的量？安眠药是不是没有痛苦？我是个懦弱的人。我不敢死。好羡慕那些可以意外身亡的人。
850	1	有人约自杀吗
851	1	约死&nbsp;&nbsp;&nbsp;越快越好&nbsp;&nbsp;&nbsp;想死的请联系我
852	1	我到底什么时候才能死&nbsp;&nbsp;&nbsp;武汉约死&nbsp;&nbsp;越快越好
853	1	上吊，该多痛苦
854	1	首先安眠药很难大剂量买到 其次真的很痛苦 不是简简单单&quot;睡着了然后就死了&quot;这么简单 最关键是其实吃安眠药自杀很难成功的
855	1	有谁真正想死的、我们一起啊、仅限女生、我熬不下去了
856	1	我们学校今天有个高三的女生跳楼了，....我总觉得下一个跳楼的会是我，我也希望下一个是我，复读生真的好累啊，真的好累。
857	1	有没有人真的活不下去了，我们一起离开吧
858	1	想割腕自杀还是别想了 得把动脉割断 而且成功率特别低的 总知如果没有打算把手腕割下来的决心是不会死的
859	1	家里都没有方便我上吊的地方
860	1	我不想猝死 最好老天保佑我 如果我试过还是好不了 我才好拉他一起去死 猝死就真的什么也没有了
861	1	站在死亡边缘徘徊 真想跳下去
862	1	饭 这一次我要割腕了 等我哦
863	1	我还有些宠物，很担心烧炭会不会影响到它们，也担心没有我它们还能不能好好活
864	1	请问车里烧炭会不会爆炸
865	1	要一起吗
866	1	距离第一次有自杀的想法已经过去两年了，现在情绪稳定点了，但还是被人说我是一哭二闹三上吊，走饭，你上吊的时候觉得疼吗？我也不知道什么时候会离开这个让人一点都不怀念的世界
867	1	我今天走路的时候就在想，跳楼的话太疼了，万一吓到人怎么办，上吊我都没办法美美的死啦，跳海尸体都浮肿了，想来想去还是烧炭比较好，可是在家里我怕连累家里，日租房房住怎么办，酒店的话万一防护没做好周边的人也不行了怎么办，我实在不懂为什么这么简单的一件事我都这么摇摆不定
868	1	跪求大家不痛苦的自杀方法 跳楼应该不错 不过影响太不好了
869	1	最近好像流行在景区跳崖，可怜了无枉的景区
870	1	穿短袖的季节，还要上班，就不能割手了
871	1	等上了高中我就去买把刀 希望自己更加死掉死掉死掉死掉死掉死掉死掉死掉死掉死掉死掉死掉死掉死掉死掉死掉死掉死掉死掉死掉死掉
872	1	好想死啊 看到跳崖的那一瞬间突然想冲过去和他一起跳 回归自然
873	1	华山有人跳崖了&nbsp;&nbsp;然后我也想去 …… 评论里面说的挺好&nbsp;&nbsp;风景也不错……
874	1	跳华山的那个人很坦然接受拥抱死亡的到来，特别佩服，什么时候我能有这勇气。
875	1	有朋自远方来，相约跳华山
876	1	我去跳楼啦。
877	1	把遗书写好了，死就是随时都可以发生的事了。
878	1	真正想死的都是静悄悄的离开，而不是轰轰烈烈的站在天台等着消防车来的所谓的死
879	1	最近老是胃疼，那我就幻想自己得了胃癌，然后就可以离开这个世界
880	1	我真的好想死 有人组团吗 我真的坚持不住了
881	1	焦虑地连一点声音都让我恐惧 很想跳下去
882	1	想去死一死
883	1	你们有没有在楼顶想跳楼的图片 麻烦发一下给我 拜托
884	1	站在十三楼边缘往下看的时候心跳的特别快&nbsp;&nbsp;&nbsp;一边想跳下去 一边往后退
885	1	好想去死一死啊，你愿意和我一起吗
886	1	他们说烧炭最好
887	1	别这样，暂时还不会走，我在等一个跟我约炭的朋友
888	1	26楼跳下去很爽，我喜欢早晨和早餐
889	1	有没有试过烧炭，到底痛不痛苦？
890	1	死了就好 大家一起死掉吧
891	1	又变多了，这个世界很多人过的都很不开心吧，我也好不开心，什么都没有，不知道活在这个世界上是干什么的，今天想像着从楼上跳下来的感觉，那样就解脱了，不会多余了，不会活在被人忽视的世界里，不会一直那么的不幸
892	1	当初看《英雄》，就觉得玉娇龙那纵身一跃让人向往，然后前几天华山就有人跳下去了，真羡慕他，能舍弃一切。现在的自己，真的后悔结婚生孩子，有了那么多牵挂。
893	1	这几天的新闻，有个朋友，从华山长空栈道一跃而下。他做到了我想做的事，看他毫不犹豫的往下跳的画面，我想象着那是我自己，很心疼他。也心疼自己。
894	1	上吊很难的，我失败了
895	1	要一起死吗？
896	1	走饭&nbsp;&nbsp;我真的好难过啊 每次被人误会都恨不得揪着别人的领子解释三天三夜&nbsp;&nbsp;可是没有人会听你说的什么 他们只相信自己理解的 可是啊&nbsp;&nbsp;很难过怎么办 又像以前一样了呢&nbsp;&nbsp;撞墙割手腕&nbsp;&nbsp;&nbsp;看到有人爬华山的时候轻生了 我也好想不顾一切的跳下去啊&nbsp;&nbsp;&nbsp;人生也许很美好吧 但是糟糕的一直都是我
897	1	真想像那个跳崖的人一样，一了百了
898	1	饭，前天割腕，看着一直流的血，满了床，想着快能去你去的地方了，就充满了喜悦，晕过去后醒来躺在手术室里，我就知道，这一切又要继续了，饭，躺在病床上的我好痛苦。
899	1	我想杀了我妹妹 我想杀死我自己 全家一起去死吧
900	1	下次我一定要踢掉凳子，勇敢的去吊死自己
901	1	想了想生命，也许！活着的人们才是胆小鬼吧，大概是他们都害怕死亡，然后编了个珍爱生命的谎话！突然就想起了死亡的方式，在家吃药吗！还要给人议论，我不想也不要任何人议论我的生活！想着要不预定个殡仪馆吧！可我也不想出丧啊！又想到前几天华山栈道一男子解开安全绳
902	1	如果我父母能和我一起死多好啊 换个地方都会好过些
903	1	想死和不敢死这两件事并不冲突的……
904	1	我对生活一点憧憬都没有啊 我的遗书就在抽屉里
905	1	不知道自己最近怎么了，总想从楼上跳下去，想拿刀切开自己的血管。我有自己爱的人，有牵挂，可是就是控制不住自己。我该怎么办？！！
906	1	跳河还是跳楼呢
907	1	看了看窗外，真的很想跳下去。
908	1	今天总算理解了，高考录取结果出来后，有人会跳楼的心情。
909	1	很累，现在家里只有妈妈啦，很害怕。如果有一天她出事啦我觉得我也活不下去啦，其实现在每次看到外面高楼大厦都想从上面跳下去的想法。跳下去就解脱了，做人太累啦，错事别人会一遍一遍提不允许悔改，还要在乎别人的说辞眼光，做不好自己更累。
910	1	那个华山跳崖的男子应该是真的痛苦到不怕疼了吧，我也不想活着，可是又怕死的疼
911	1	看到他人自杀总是觉得心疼和惋惜，自己的话就觉得我这样的人死一千次都不够，死得再惨一些好了
912	1	饭饭，中午做了个噩梦，我梦见全家人逼我，我终于跳楼了，醒来发现是梦，但突然崩溃了，哭的和狗一样，我奶奶上来说我是神经病，说我脑子有病，我们家人就这样，从来不管我的想法，还说多么多么不容易，骂我，全都骂我，我说的是真的，我撑不下去了，真的，我太难受了，这是我第无数次这么想自杀了
913	1	最亲爱的父母，最擅长以自己的想法来解读我，连误会都不算，就掐着我的脖子对我说“骗我你就去死啊”，那个时候我居然一点都不想哭了。突然就明白了，其实他们从来都不给我信任，只是永远以为自己的以为。我站在窗边，他们像围观跳楼一样对我说，你怎么不跳下去啊？啊，原来我的死活，是和他们无关啊。
914	1	我又来了，好想有勇气写一封遗书，做那件不敢不想却想之又想的事情，逃离这辈子这个不堪且垃圾的躯体和灵魂。
915	1	想买手术刀
916	1	我大概缺少一点点在手腕割一刀的勇气
917	1	饭 我自殺了兩次都没有死掉…割脈不是個好辦法 我還想再死一次 如果這次死不了 我就好好活著
918	1	总有一个时刻会离开这个世界的 或许是很多年后的一个清晨 或许是我将许多安眠药咀嚼的这个深夜
919	1	饭啊，为什么我们明明活得很痛苦却不敢轻易去死呢？我觉得我们是被生命这东西给囚禁了，而你是那个足够勇敢敢于越狱的人。我一直在查资料但没有找到一个不痛苦的方法，为什么那么难呢？
920	1	看到那个华山跳崖的动图。更觉得自己百无一用，胆子太小。前不久多好啊，去了张家界。那个高度掉下去大概是扑进云里。可是我没想着松手。周围的朋友都在和我说笑，仿佛我会跟他们一样鲜活似的。
921	1	北京有烧炭的姑娘吗
922	1	我觉得我还能坚持一个月吧，我才发现自己的房间很适合烧炭，虽然这样会死的很难受
923	1	我认真的 有烧炭的姑娘吗
924	1	有没有人一起自杀
925	1	北京有姑娘想烧炭吗
926	1	一场说死就去死的旅行，有人加入么？
927	1	什么时候，可以一起
928	1	去年冬天买了一箱碳 本来想着烧炭自杀 但是一直没找到合适时间 没找到盆子 本来想着就这样点着火 点了半天没有点着 弄了半天气的我直接收拾干净 睡觉去了 [笑cry]屋里没空调暖气 穿着睡衣 太冷了直接躺床上睡觉去了 碳几个月前在搬家的时候不知道我妈给我扔那儿了 我妈以前一直 追问买这个干嘛
929	1	打开窗户却没有跳下去
930	1	对什么事情都提不起兴趣 不想讲话不开心 自己一个人的时候总想跳下去 我很害怕啊 我还这么年轻 可是不开心太可怕了 我妈给我讲了以后我的生活会有多好 我有好的家庭 有爱我的家人 有好的工作 可是我却对一切提不起兴趣 头疼 吃不下 口渴 胃疼 失眠 甚至和人讲话都累
931	1	安眠药炭怎么自杀的方法都有
932	1	你们都要好好活着啊，复读的我再考不上大学该去跳楼了
933	1	谁有约死群 能拉我进去吗 我真的想了解怎样死才能不太疼痛[失望][失望][失望]
934	1	自杀了……但是失败了……今天被别人问，你胳膊上怎么这么多伤……我能怎么说？因为我有病？控制不住的想割死自己吗……
935	1	找约死群找了很久…没找到，还在继续找。你们有约死群吗？可以拉我进去吗。
936	1	遗书已经写好，手腕上密密麻麻全是伤口，明天都在想要不要自杀要不要继续活下去，每天明明什么也没做可就是累，人生真的很无趣，我也很无趣。所以我还是去死吧，没有什么意义。饭，想你。
937	1	今天还是头痛，晕晕沉沉的，身体也痛，听了一天的经文，刚刚外面电闪雷鸣的，打开窗户的时候有跳下去的冲动，窗户为什么要装防护栏
938	1	qq里有约死群 也不知道那些人怎么找到的 哎 活得很累
939	1	我要跳楼，他们只是觉得很可笑
940	1	我该怎么写遗书呢
941	1	那个 山东的 有一起的吗
942	1	如果有一天我选择死亡了，我会选择跳海。因为太孤独了，天下那么大，却没有一个能看看我听听我的人。一个人抵抗着贫穷疾病，还要面对幼小的孩子，每天都在想还能坚持多久。如果是大海的话，应该能包容我了吧，想要被拥抱。
943	1	饭，对不起我太没用了，自杀未遂，跳楼会不会更好，除了那一瞬间的痛苦外是不是就没有了
944	1	跳楼死得很难看 所以还是好好活着吧
945	1	今天还是感觉好痛，昨天差一点点就跳下去了，如果没防护栏就好了
946	1	上吊怎么样？
947	1	跳楼的话会不会更直接
948	1	你们说？怎么离开这个世界比较体面？
949	1	安眠药哪里可以买到？ 哪座大楼的风景好？ 割腕会不会太漂亮了？ 哈……这个世界让我绝望
950	1	再让我来一次太痛苦了，我撑不下去，我不想去经历这些了，我想离开
951	1	溺水很难受，割腕好一点吧？也许
952	1	去最远的海，一个人乘船到海上，割腕跳下去
953	1	一般人割腕都找不到那个动脉，因为疼，如果死不了，还要封起来，更疼，还有疤。
954	1	会痛苦啊，割断自己动脉很痛
955	1	今天又去面试两家公司了，回去的路上一直都在想，我这样活着有什么意义。经过邕江的时候就有种冲动特别想跳下去，我真的很累，我受不了了，我活得比蚂蚁还累
956	1	对了，饭饭我想起来我前几天看见一个视频，那哥哥在山崖攀岩时解开绳子跳下去了，这可是我15岁左右最喜欢的死法，我觉得不错，只不过找不到尸体，现在觉得开枪最好
957	1	要是没有那道防护栏，我昨天借着雷雨天气在她面前跳下去了，她会不会一辈子都活在愧疚里
958	0	你看你可怜的一面总是被人看到又怎么样
959	0	我的喉咙哼不出来声音了
960	0	走在路上觉得每个人都比自己成功
961	0	白天是搞笑废物，晚上是抑郁怪物
962	0	早睡的人 完美的避开每晚猝不及防的情绪上涌和辗转反侧
963	0	烟尾巴怎么能那么冲人呢
964	0	我也一样希望你受不了我时好时坏的反差把我扔开。可我也是个人呢。我会疼呢
965	0	我怎么可能不在意啊饭
966	0	我啊
967	0	不冷呢
968	0	谢谢你
969	0	躺着吃药吧。你又不会死掉
970	0	可是我好难受好难受我不是想死
971	0	连我爸爸都说我想死就去死吧
972	0	救救我吧&nbsp;&nbsp;别扔掉我我求求你了
973	0	有挂念的东西真好
974	0	为什么吐不出来呢喝了酒你知道多难受吗
975	0	可是她能让我好受一些呢
976	0	饭，带我走吧，我太累了，太累太累了
977	0	加油加油
978	0	你说啊
979	0	再等一等好吗
980	0	太累了…真的太累了
981	0	抑郁症的人多么痛苦 不敢告诉任何认识的人 一个人承受到不能再承受
982	0	你明天要走了，真怕以后再也见不到你了，或许是真的，好难过，你都还不知道我喜欢你。
983	0	好烦躁，这个班上得好难受。
984	0	飯，好喜歡他啊，願望是畢業能那天能抱抱他，好jb累好難熬。
985	0	后来 再也没有我们[伤心]
986	0	我喜欢很多东西&nbsp;&nbsp;lol&nbsp;&nbsp;追星&nbsp;&nbsp;&nbsp;但是渐渐连比赛都不想看&nbsp;&nbsp;所有都懒得去做了&nbsp;&nbsp;感觉心里发慌&nbsp;&nbsp;失去了所有的兴趣真的很可怕
987	0	饭，为什么他们离开的时候，都不能跟我当面说一句再见呢。
988	0	还没有足够的勇气去死一死&nbsp;&nbsp;不过快了吧
989	0	好累啊
990	0	好累，继续好难。
991	0	我今天还活着呢
992	0	我害怕的想哭 害怕的颤抖 如果事情越来越严重 真的可怕 一点点安全感都没有了 对这个世界感到绝望 ??? 打电话给他被骂 我的心在颤抖 谁也靠不住了
993	0	大家好，我今天第一次来。所有事都会好起来的。
994	0	真的很有勇气，我没有勇气，所以我还在挣扎，还在努力，还在克制…… 人生，真的特别的长…… 但好像，其实也没那么长……
995	0	睡不着
996	0	我今天也还活着 [太阳]
997	0	我该睡了吧，该睡了吧
998	0	我好难受啊，没有朋友，连家人对我也失望了， 觉得一无所有
999	0	是这样的吧
1000	0	饭饭 如果你见到甘肃跳楼的那位女孩 请告诉她她没有错 是这个世界错了
1001	0	不知道生存的意义是什么。为什么活着，还活得这样不开心，反正都别想活着离开这个世界。我已经体会到了，不用再去感受这个世界的种种了
1002	0	饭呐，今天李依依跳楼事件你在天堂也关注了吧 ，这就是这个病态的社会，你当初应该也有过无数被当作怪人的场景吧，看吧，人性就是这样，喜好独居的就是怪人，其实独来独往的往往都是最善良的，还是希望人们生而为人，务必善良。[爱你]
1003	0	你好，我去年2018-9-30号，在走饭下面发了微博，发的时候刚好检查出了病情，谢谢关心，我很好。我很幸运没有和几天前跳楼的女孩一样的结果，谢谢你的鼓励，愿你一切安好。
1004	0	如果妈妈能找到一个爱她对她好且相伴过完余生的男人，我就可以放心去死了
1005	0	那个蹲在街角抽烟的人，公园里寂寞地荡着秋千的人，深夜在夜店醉酒呕吐的人，公交车上突然眼圈红起来的人，路边长椅上拿着手机哭泣的人，隔壁遭受家暴默默哭泣的人 ，高楼的栏杆边犹犹豫豫的往下看的人，独自躺在床上辗转难眠的人，我们一起晚安好不好。
1006	0	总是幻想我自杀了以后，我妈会有多难过。想着想着就会哭，如果能一起死就好了
1007	0	生活累，工作累，交朋友累。这么累为什么还要活着？是因为年迈的老父母亲吗？明明很想死，确不敢死。是怕吗？昨天这边因为感情纠纷，男的把他女朋友当街捅刀子捅死了，为什么不想死的人一下子就死，但是想死的人却还要苟且的活着。
1008	0	我真的很想死。但是我绝对会带上那些该死的一起。
1009	0	一个月总有那么几天想去死一死
1010	0	没人他妈的逼着让你丧 让你说自己想跳楼 让你们这些双性恋说自己是同性恋 死了都不可能弯。&nbsp;&nbsp;别他妈说了就光速打脸啊
1011	0	恶心可以 别说出来让我知道啊？ 搞得我恶心的想死 本来还觉得活着一个人佛系点熬一辈子就好了。 现在你们的恶心真的搞得我想赶紧去死算了
1012	0	为什么这么晚还要震，完全不考虑楼下感受的吗，好想去找他们然后杀掉他们啊
1013	0	好想离开这个世界 从头来过
1014	0	好久没来了，吃药以后状态还不错，明天出国了今晚吃了两粒安定还是不困，我觉得我哭一哭可能会好些但是一直忍着，怕一滴眼泪就出来就控制不住了，想想还有三个月剂量的药和我一起去好像也有点安心了
1015	0	我好想去死 她还没回微信 过几天又要去上她的课 好想去死啊 太累了 今天她问我要不要一起去宜家 我不知道说什么 她的问题我总是不知道该怎么回答 我想去死
1016	0	我已经非常自私了 从逃学那天开始 我就一直非常自私 从我明知道会被开除我还是走出去的那一刻 我只为自己活 我不管任何人 我有我自己就够了 去了第二个学校 我依旧这样 我不只想死 我甚至想带你们一起死 滚
1017	0	独生子女没有自杀的资格
1018	0	每一天醒来睡去都会觉得毫无意义，每一刻都觉得做什么事任何动作任何表情都没有意义。可是没有人要跟我一块离开这世界
1019	0	我想去死一死。
1020	0	我26没有谈过恋爱 家里不富有&nbsp;&nbsp;没有亲情 没有人爱我 也没有满意的工作 我只想选择离开这个世界
1021	0	有时候是真的不得不去想怎么个死法才能不痛苦，感觉自己没几年好活了，尤其是这几天，真它丫丫的痛苦，有时候想得挺开的，不就是没得吃好吃的玩好玩的嘛，不就是早死晚死的问题嘛，人一没，这些啥都不会多想了。其实我挺矛盾的，不想死又有不得不早死的理由，真是难为我这个对生活乐观积极还爱笑的人
1022	0	想去捐血，想去签器官捐献，但一想到公交车那么多人，就不想去了
1023	0	我已经两三天没吃饭，可我不敢向家人求助[悲伤]现在好不容易借了点钱没了份炒面就然发现我吃不下去[悲伤]过几天还要回去参军体检，我去参军只是想离开这个家庭
1024	0	我也很累了..&nbsp;&nbsp;活着就是多余的和拖累爸妈啊...&nbsp;&nbsp;我也想离开这个世界 只是缺少勇气
1025	0	没有无理取闹啦，其实偶尔我也会想死一死呢，死了就什么都没有了，那些让你不开心的事情并没有什么变化，太阳还是会东升西落，可爱你的人会难过。
1026	0	是呀 就是这样构成了我们的世界 不然离开这个世界也会简单一些
1027	0	我想办个证，我就可以请很长时间的假，那天我真活不下去了，我就背着书包徒步旅行中国。
1028	0	恶心难过，所有人都认为你没有理由去死，都认为你是一个应该学会感恩的人，从来没对认识的人提过自己难过的想死，他们什么都不知道。就算说了，应该也只会说是自己的抗压能力不强，是自己窝囊。他们都不知道，我有多难安，都不知道，我的内里已经坏掉了，已经烂的不成样子。
1029	0	朋友说他很羡慕你，昨天知道了他11号晚上在酒店焚碳自杀的消息，他才20岁啊，就已经失去了对生活的希望，活着对他来说是多么的难。
1030	0	所谓的“朋友”们都离我远去，我现在孤身一人，每天过得平平淡淡。我害怕我真的自杀了我父母会担心我，他们很爱我，我也很爱他们，可是我现在身上的负罪感已经远远超过他们对我的爱。我曾经还没有想要自杀的念头的时候，那个时候父母的爱支撑着我，让我不会有这个念头。
1031	0	抑郁，很烦，怕心里那根弦崩掉，想去死一死
1032	0	你别嫌我烦，有好多丧的话。没人了解，自己不想撑了。哪天彻底奔溃了可能就离开这世界。那边会不会有人嘲笑我们这群每天丧丧的人呐，有没有一个港湾可以停靠呐
1033	0	我这会也想去死一死，好恍惚啊！无缘无故想哭，止不住，怎么办？我特别想热爱生活，精神满满，可是我办不到啊！我精神恍惚太久了，恍惚到自己就觉得这是自己的常态了
1034	0	这世界大概不会好了，愿意陪我一起堕落吗
1035	0	想死 遗愿是死了就别再骂了
1036	0	离开这个世界就是最远的
1037	0	睡不着 很痛苦 明天准备逃离上海飞往长沙
1038	0	今晚又跟男朋友吵架了……不，不能说是吵架吧，只是我单方面的生气而已，他总是哈哈哈，每次都是哈哈哈，上次我差点跳楼他知道我没去以后还是哈哈哈，真的累了，好累啊，不想再撑下去了。
1039	0	烧炭私聊，仅女生
1040	0	走饭啊，你见到今天长空栈道跳下去的那个男孩子了么？我也松开过绳索，可是我不敢跳。走饭啊，你说跳下去的那个男孩子会开心会解脱嘛…
1041	0	我特别想去蹦极想提前试一下濒临死亡的感觉
1042	0	饭，在百度贴吧的看到很多人，让我们去死，真的这么多余吗？其实我真的很想死啊
1043	0	抑郁症很可怕，但我们要坚强，我也有过看着窗户想跳下去的冲动，但我还是咬牙坚持，不为别的，只为父母，不敢病，不能死。
1044	0	走饭，我也好想去死一死[悲伤]好烦哦，虽然还没上班，体会不到上班族的艰辛，但现在这个年纪我觉得我要承受不住了，好烦好烦。每次一生气身体就出毛病，可是我才刚刚20岁，我好害怕，头痛到炸，真的想去死一死，十秒也好[失望]积攒了很久的失望，一下子攻击了自己，要崩溃[失望]
1045	0	丧得一匹啊 成宿成宿的失眠 想去死的心情与对亲人的留念不停地拉扯 等真的不行的时候就有勇气去死一死了吧
1046	0	一直觉得为爱情自杀是挺无脑的一件事，可是不得不承认我有很多个瞬间要被打败 想自杀，我觉得实在太折磨了 忘不掉一个人太折磨了 我不为失去你难受想自杀。我只是接受不了走不出来 毫无作为的自己
1047	0	饭饭，我又觉得坚持不住了，我想去死
1048	0	我以前不是这样的，现在却变得越来越让人讨厌，今天发生的事情让我彻底讨厌上了自己，讨厌这个世界。真希望爸妈从小到大打我骂我让我也讨厌他们，这样我就可以没有任何牵挂离开这个世界了，可是我永远放不下他们，为了他们我也要好好活下去。
1049	0	饭饭，8月份了，不知不觉，我又熬了这么久了，真的真的真的快撑不住了呀，活着由不得自己，死也由不得自己。不想再顾虑别人的心情了，也不想再考虑身上的责任了，想为了自己，去死一死。
1050	0	想离开这个世界，可是，我还有很多东西没见过，很多感觉没体会过，我想满足一点了再死
1051	0	饭，其实我也特别向往死亡之后的自由，我也想过去死，把我自己扔家里虐死，以为自己真的不怕死，呵呵，可我真的怕死啊，我几乎每天都会尽力去想我死之后会怎么样，可一想，我还有家人，朋友啊.....
1052	0	不能熬夜了，明天不想被批评，要提前去上班准备，我就算想死，也要快乐的去赴死，不能伤心欲绝去死
1053	0	跳楼死的可不美了，而且可疼了，别去了吧，我们爱你
1054	0	走饭，我喜欢上一个女孩子，特别喜欢觉得这辈子注定的那种，她和我说：当我死了吧。好想知道死了有另外一个世界么，如果有，可以托梦给我么？走饭，好想见见你，我是一个觉得做什么都无趣，觉得这个世界毫无意义的人，怎么办，我是不是也应该去死一死
1055	0	饭饭，我已经不抱任何希望活着了，去努力重生还要重新话费很多力气我已经没力气了明天打算去死一死，如果真的死成了，我只希望我身边的人不要讨厌我也不要找我
1056	0	我很孤独 每天每天每天每天… 我很想去死 我没有活下去的动力 但是我怕我的父母难过 我还在坚持 实在不行我就去死一死
1057	0	我也有点想去死一死
1058	0	我好孤独啊 在这里 每天每天每天 吃饭一个人上班一个人看电影也是一个人 我没有朋友 我快生日了哎 22岁的生日哎 也是一个人 我好可怜啊 像一只流浪狗 我有家又好像没有家 我有点想去死一死 又害怕父母难过 再撑一下 撑不下去 就去死一死吧 哈哈哈哈 拜 有空再来聊
1059	0	上个手机被偷了 那个手机的备忘录里 一直存着我以防万一的遗书 它被偷那天 我很慌张 但我知道慌张无用 所以我看起来很淡定 新买的手机 我没有勇气又一次存下遗书
1060	0	我可能快认输了，真的快认输了，我知道压力都是我自己给的，可我没办法，我真的没有办法，我真的害怕，害怕有一天我也坚持不住了，害怕有一天我也离开这个世界了。饭，我也累了。
1061	0	活到现在好累啊...完全不知道自己是为了什么活到现在...完全不知道自己活着有什么意义...想要离开这个世界...但我又感觉我现在...还不能死...真的好累啊...[悲伤]愿生活还能带给我希望
1062	0	饭饭，突然感觉好心疼你，原来死真的需要更大的勇气，等我哪天了无牵挂了，我就离开这个世界，去见见你这个充满了忧伤的女孩
1063	0	吃药真的可以治好抑郁症的话，那为什么还会有那么多人选择自杀
1064	0	不要和我一起活了，只想一起死的，我是菏泽的
1065	0	但是需要预约
1066	0	我是垃圾我是烂人，如果有选择我还是不想来这个世界。
1067	0	哇 我真的好想去北欧啊。就想离开这个国家。。。离开这里才能不会想起。可是看我这生活自理能力和一天到晚的被迫害妄想症……怎么出去呢。
1068	0	想死 在准备死
1069	0	今天我又多撑住了一天，希望有一天能像你一样不再因为懦弱，而是因为彻底想通，离开世界。
1070	0	想看晴空万里，也想去死。
1071	0	如果我能不惊动任何人离开这个世界，或许你就再也见不到我
1072	0	上学也不喜欢同学之间的猫腻，上班更烦，每次都因人际关系烦恼。想早早离开这个混沌的世界
1073	0	没事没事不过是想离开世界了哈哈?
1074	0	我想去死
1075	0	有没有人可以当我的树洞啊，我好想去死
1076	0	饭呀，我好想离开这里
1077	0	人山人海啊，人声喧哗啊，突然就想死掉了啊。
1078	0	如果放在现实里看，我一定是看起来最不想死的人。多阳光多好玩啊，这种人怎么会死呢？是不是搞错啦？可是我真是恨不得一家三口一起去死，这样谁都不会因为被剩下而难过了。
1079	0	以后要是还能活着 就要存钱搬到山上去，如果不能离开这个世界 就让我离它远一点吧
1080	0	为什么这么多人喜欢在我身上插一刀啊，不如我把你们全部一波带走下地狱吧
1081	0	有那种想死却不能死的人吗？ 死了对不起任何了，他们把你逼死最后说你极端，
1082	0	我该怎么离开这个世界呀
1083	0	想要从10楼跳下去结束自己的一切，可是，胆小，不敢，从窗台上下来趴在床上哭了一下午，暗暗决定不能这样了，便开始与生活做斗争，现在，今年，我马上就要进入大学了，我感觉自己早都好起来了，一切都会好起来的，希望，你们也能好起来。
1084	0	走饭&nbsp;&nbsp;最近出了很多事情&nbsp;&nbsp;不是在我身边&nbsp;&nbsp;却的确在我生活的社会中&nbsp;&nbsp;庆阳女孩跳楼&nbsp;&nbsp;女孩滴滴被害&nbsp;&nbsp;寿光灾情&nbsp;&nbsp;等等还有很多&nbsp;&nbsp;我觉得啊&nbsp;&nbsp;这真是个冷漠的世界&nbsp;&nbsp;你还能看见吗
1085	0	饭 我关注你两三年了 这些年往你这儿倒了不少垃圾吧 前段时间我很快乐 我以为我可以不再想起你 但是我错了 深夜好像只能找你 毕竟 我一无所有啊 我妈不要我了 我爸不管我 没有朋友 丑陋的我更没有恋人&nbsp;&nbsp;我好想直接跳下去 但是我还是没勇气死&nbsp;&nbsp;我真废。
1086	0	我超难过。但是又很爱自己。乐观到想找人一起死掉，又觉得很麻烦。
1087	0	曾经以为我来了学校以后会生不如死每天都不会笑但来了之后发现其实并没有我想的那么痛苦我以为别班不管我认识不认识的都会对我指桑骂槐最后是多想。今天我走在学校的路上别班人给我打招呼我那时候发出的笑是真心的快乐的。曾经我想过自杀退学但因为各种原因坚持了下来我以后会直面问题解决它不在逃避。
1088	0	走饭，能不能让我安安静静地死，不要惊动我的父母，让我安安静静地离开这个世界。只可惜啊，这个世界，死比活还要难，真的太难受了，真羡慕你啊
1089	0	我什么都不想要 只想赶紧离开这人世间
1090	0	既然狠不下心那就再撑一撑吧，我曾经也想过跳楼，但是还是下来了，当时想了好久好久。
1091	0	天一黑我就彻底垮了，好崩溃，我一点都不想上学，满脑子想着退学，我宁愿回去搬砖也不想呆在学校读书了。对未来我看不到什么希望，在这多待一年我觉得也不会有什么用，无非是混个毕业证。我好想离开这里，好想有人能拉我一把。
1092	0	好想离开这个世界，活着太痛苦了
1093	0	其实你知道吗 现在大学里跳楼外人都不会知道的呢 已死示威根本就没人理 再普通不过了
1094	0	我好累。想一直睡着 想离开这里 但又不知道该去哪里。还太卑微 太渺小 不值一提
1095	0	一觉睡醒就离开人世是一种奢侈啊…
1096	0	饭饭刚刚在网页上看到了一篇关于你的报道，还是12年的，我和你一样不会主动和人打招呼会因为小小的事情暗自神伤会依耐母亲只想在母亲一个人面前哭泣，我好羡慕你能够离开这个世界，我也很想到你那边去啊，你在那边过的好吗，会有来生吗，很想你[心]
1097	0	人都是被人逼得，我也一直很累。离开这个世界自然很简单。但是，我一直觉得，只要活着，还是会有希望。
1098	0	我没有抑郁症，但我跳楼失败过。当时我死死地扒住窗，整个人已经站在外面，一只脚踩在往外突出的地方。我外婆看到我的时候吓坏了，一个老人家，就这么死命地把我往里面拉... 看着评论里一群有抑郁症的人写着悲伤的文字却努力活着，忍不住哭了出来，看着你们 我又有面对明天的勇气了谢谢你们[泪][泪]
1099	0	以前你的世界全是那个人他离开了以后就感觉像被全世界抛弃了一样。每天感觉自己好没用除了哭就是哭。有时候也想过离开这个世界
1100	0	明天要去见医生了。我不知道该怎么告诉他。我没有遵医嘱。情况变得很差。自杀念头很重。但是不想住院。我不知道该怎么说。好痛苦。好累。头很痛。想撞墙
1101	0	朋友在群里发了峨眉山女孩的遗书，看完第一行我就开始流泪，我也只看了第一页，那些话都是我曾说过的话，甚至那一整天到深夜我还在流泪，晚上男朋友来看我的时候我的眼泪还是没忍住，我告诉眉山自杀女孩的遗书。那他沉默了一下说:我刚看到那篇遗书的时候我以为那是你，那简直就是你写的。
1102	0	其实不理解也没关系不能认同我的痛苦也可以&nbsp;&nbsp;为什么一定要恶语相加呢 为什么家人要推着我跳下去呢 他们的力气还真大
1103	0	每天每天都把自己装成活的很开心的样子，我以为这样我就能和别人一样了。我也不知道从什么时候开始，就一直有个想离开这个世界的念头，我有试图和谁说过，但别人只会当成笑话听一听，或许会不走心的敷衍性的安慰两句。
1104	0	好想和这个世界，所有人说一声再见
1105	0	我想离开这个世界，可是父母老来得子有了我。不敢想象他们白发人送黑发人的模样，不愿让他们伤心，我要撑住。愿他们身体健康，寿比南山。 生活虽苦，仍需苦中作乐。[心]
1106	0	我没有你勇敢 我自杀过一次不敢第二次了 但是我真的好崩溃 想离开这个世界
1107	0	我知道有天我会死 不是因为任何人 不是因为父母对我的爱太过沉重 不是因为太思念她 是我想死 我想逃离这荒诞的世界
1108	0	前两天差点跳楼，后来还是害怕了，希望我永远做个懦夫
1109	0	如果我离开这个世界了，我希望我的灵魂能陪在你身边，生不能在一起，那我就用这种形式留在你身边，我想看着你从早到晚每时每刻都在忙些什么，看着你陪你老婆白头偕老的样子，只要能陪在你身边就好
1110	0	没有家人，没有朋友，再见世界
1111	0	现在的我很想死一死，太过于失望，对自己没有任何期待和希望
1112	0	饭好难受，我好想离开这世界，我讨厌这世界
1113	0	我好累 慢性鼻炎 眼睛也有慢性炎症 抑郁症使我每晚做噩梦失眠 好想离开这个世界
1114	0	饭，终于可以回家了，和同学拼车，一路上我都没说话真的好蠢，她们都聊的热火朝天我根本不可能做到，不知道是不是太久不坐车的缘故心里一直范恶心想吐，好累啊，好想睡一觉
1115	0	现在有好多人都晒自己割腕流血时的照片我看一个心疼一个，但是我总觉得如果是我的话我怎么都不可能让别人知道我过得不好
1116	0	最近不知道怎么了，总是想逃离这个世界。
1117	0	第一步往往是最难的，就像陷入泥潭，要自己很努力才可以上岸
1118	0	饭饭，其实，我要是有一些钱，不用太多，够父母生活，我真想离开这个世界。不能做自己喜欢的事情，不能表达真实的自己，不能做的太多。
1119	1	我不想死，我想放血
1120	1	窒息而死很痛苦。割腕也不敢。其实就是不敢死啦。虽然活着也不开心。
1121	1	身边有人跳楼自杀了，不过几个月过去，所有人都仿佛忘记了发生过的一切，回归了正常的日子。不知下一个投向死亡怀抱的，会不会是我？
1122	1	是不是要勇敢点，跳下去，就不用难受了
1123	1	活着没意思有没有在相约自杀的
1124	1	决定了没？有没房间一起死。
1125	1	被相亲女骗的没有活下去的欲望，想杀了她自杀
1126	1	真的太难过了 想自杀 割自己总是好受一些 我该狠心一点的 太难过了
1127	1	你看窗外多美啊 我们一起跳楼吧
1128	1	原来吃药等死是这样的体验，对死亡我既害怕又无畏，醒来甚至觉得这样的感觉真好，没有痛感，也没有记忆，这两个月我除了躺床上一动不动也在找医生寻求帮助，我很想回到正常的生活，可能现在我的思想已经被奴化了，但即使做不喜欢的工作养活自己，顺利度过每一天也会让我觉得安心。回不去让我恐慌。
1129	1	有没有一起烧炭的？
1130	1	从7楼跳下去会死吗
1131	1	想跳楼，发现四楼以上的窗户是锁死的，把我瞬间传送到楼顶吧，我准备好了，给我一秒就能跳下
1132	1	坐在这里上班真的如坐针毡，好想立马冲出去跳楼，心里折磨真的太痛苦了，
1133	1	有人知道怎么死痛苦小一点吗？跳楼太惨烈了，还会引起不必要的麻烦
1134	1	我睡觉梦到我割腕自杀了 会不会真的不远了
1135	1	一起吗 妹子
1136	1	真希望我可以在睡梦中离开这个世界
1137	1	起飞
1138	1	跳楼的话，应该会死的很难看吧
1139	1	一起如何
1140	1	扛扛看。我去年国外交换期间发病，一个人在小房子里木僵，两天吃一顿饭，一个月没十句话，脑子里全都是各种声音，什么都做不了，娱乐都不行，自残，自杀未遂一次，不对任何人透露，认定自己会死在国外。后来神棍的是，意外触电被电打了一次，木在地上半天，有点醒了，好歹用飞机把自己搬回来了。
1141	1	我真的好脆弱，连死都想找个人一起死。
1142	1	饭&nbsp;&nbsp;&nbsp;我最近老是梦到自己跳楼
1143	1	签完器官捐献，突然觉得真的不怕了
1144	1	有一起离开世界的吗
1145	1	我不想上她的课 要做的图也做不好 今天睡了一天 梦里在下大雨 同行的人一次次从高处跳下 砸断在金属雨棚上 没有死 跳下 没有死 醒来以后看到她发的东西 她也讨厌我吧 其实我还是最讨厌我自己了
1146	1	留言的有没有最近想死的喊我一起
1147	1	真的要一起吗
1148	1	我也是我也是我也是，我现在迫切想找个伴一起死，不要再让我重复这种生活了，真的太累了，我妈骂我时候她就是希望我死
1149	1	走啊，约死吧
1150	1	求约死真心的，最好是最近这两天就能约的
1151	1	我受不了了，这个世界再好我也不想呆，现在谁能和我一起给我点勇气赶紧结束吧，反反复复，家人肆无忌惮的伤害真的让我受够了，伤害完又拿话哄，我去他妈的，我一次次给她们机会，不想我死后她们自责，但她们真的在逼我，我不想为她们活着了，好累，谁能和我约一下，就这两天，赶快
1152	1	以前高中时在上课，突然听见一声巨响想去看，老师阻止了。后来了解到学生从5楼跳下来脑浆子都出来了，还好当时没看。当时不理解那学生的举动，总以为好死不如赖活。但现在，痛苦越来越深，觉得死是一种解脱，但我不会选择跳楼，在游乐场玩过类似跳楼的游戏有点恐惧，那样死不太好，还不如投湖比较安静
1153	1	我站在阳台上 特别想跳下去
1154	1	好想跳下去结束一切
1155	1	跳海 被大鱼吃掉也好 尸体被水泡烂 一切与我无关
1156	1	不是不是 我只是想还完钱再死
1157	1	我今年17岁，人生的一半都没有走过，可是真的不太想活，“你怎么不去死？”，对啊，我怎么还不去死，跳楼？割腕？吃安眠药？我都想过，可是死得太痛苦了，我不敢，我是个怕痛的胆小鬼。 Can you save me? Sorry,I don't understand what you mean. 人这一辈子真的太难了。
1158	1	走之前要对你取关了，我们约定另一个世界见，好吗
1159	1	虽然现在的我想要活下去，但我更想得绝症然后名正言顺的离开这个世界。
1160	1	有一起烧炭的么
1161	1	一起?
1162	1	恳请大家告诉我如何买到大剂量“那种”药片！！私信我后我会删聊天记录！[心][心]走过路过不要错过！帮我一把胜造七级浮屠！[加油]
1163	1	听说木炭死亡没有痛苦 我想去试一试。
1164	1	我的睡梦中有一座临海的悬崖，每个深夜，我都要从上面跳下来无数次。
1165	1	承受不来也接受不了这个世界的恶 但是又没有到极限的勇气支撑我去死
1166	1	跳楼 足够高就不会感觉到疼
1167	1	划刀可能真的会上瘾，大概身体的疼痛能缓解心里的疼痛吧！我谁都不愿伤害，只能伤害自己啊！
1168	1	割脉不好，安眠药目测最靠谱，可是也痛苦。推荐国外安乐死。
1169	1	烧炭感觉不会那么痛苦，可是又怕有窒息感。。
1170	1	烧炭需要一个很小而且封闭的空间，应该需要大量的炭才可以吧。。
1171	1	可是他们说烧炭也会很痛苦，要确保过程中没人会来，只是害怕有人会经过还是怎么的，怕烟透过门缝出去被发现
1172	1	我把遗书写好了
1173	1	每当这个时候 我就想跳楼
1174	1	看了泰国普吉岛翻船，心里在想如果我在船上那该多好&nbsp;&nbsp;解脱了
1175	1	也许我来到这人世界本就是个错误，可能我上辈子做错了什么事，要来到这人世界受这惩罚，也许我只是个机器人，是个傀儡，是个沙袋，必须听从你们的指示，必须按照你的安排。哈哈哈哈哈哈真是个可笑的人，可笑的人生。如果自己不要软弱多好，不就直接从高楼跳下去了，还用受这折磨。过这生不如死的生活。
1176	1	当年割腕，太浅了，没死成，我现在又想去死一死了，活着真的比死需要太多太多勇气了
1177	1	直播割腕，现在冰敷动脉，选的大拇指下的动脉
1178	1	有人一起死吗，可以结伴吗
1179	1	你总是想看看我手上的伤疤，我早就用护腕遮住了，你还痴心妄想劝我去做植皮手术，可是我只想告诉你，那是我死后才能给你看到的
1180	1	烧炭能死去吗
1181	1	想割破手腕把血滴在白玫瑰上
1182	1	我当时要是跳下去我是不是就不用这么难受了
1183	1	还是上吊最快吧挣扎也没用死的最干净了
1184	1	有想去死的吗 是真正绝望想死的 不是玩玩的 一起吧 地址广州
1185	1	约死的有没有
1186	1	我前几天就是 想去自杀 脑袋的第一瞬间想到的就是 溺水身亡
1187	1	烧炭慢，我建议跳楼，我心里最佳死亡方式，不回头，越高越好，可能会犹豫了，可是死了比活着好。
1188	1	还有上吊快捷反悔不了
1189	1	对不会游泳的人淹死很容易只要有水哪里都能死 但是窒息的瞬间很痛苦 死状也很惨
1190	1	走饭，晚上好。昨天我和我妈妈说了轻生的事情，我妈妈没有打我骂我，她告诉我，既然一个人死都不怕了，那么还有什么事能拦住她呢。可是她在讲这个话的时候我一直望着27楼的窗户。什么时候可以跳下去啊，死了就好了。
1191	1	是啊跳下去会死吗死不了怎么办我不想活着我不想被救
1192	1	一起吧，太痛苦了，让我们去死吧，换个人生重新再来一次
1193	1	我一个人上路吧！
1194	1	想去做那种极限运动员，最好是跳伞的，等哪天不想活了就自由落体不拉降落伞，这样别人都会觉得我是因为自己喜欢的事而死，会觉得我活得很精彩
1195	1	相约去死吧
1196	1	一起相约去死好了
1197	1	太迷恋跳楼了
1198	1	中山约死有吗？ 或许你知道哪里的高楼可以上去？
1199	1	顶楼的风真大 我还是害怕的 自杀也绝对不会选择跳楼
1200	1	我想今天就跳楼啦！
1201	1	要是能在你面前跳楼多好。那样你或许还会记得我。奶瓶也三个月大 但愿陪她长大的时间够我撑到不再想死。白天各种可以让我开心的事到了晚上打回原形。
1202	1	割腕吗 那成功率很低的 成功率最高的是跳楼和上吊未遂率极低
1203	1	一样，割腕好疼
1204	1	谁烧炭
1205	1	跳楼应该是死亡率最高的方式吧？从26楼望下去，真高啊，令人感到恐惧。四肢会断开，脑袋会开花。万一砸到别人了怎么办？
1206	1	烧炭有没有人
1207	1	打开微信，全是劝我的，电话一个接一个我不想接，我发朋友圈说我好累睡觉了。关了手机。其实他们都不懂抑郁，有些人还在说我懦弱呢。呵，我最大错误就是把遗书发出去，下次死的时候我不会那么傻了。我要悄悄地死.
1208	1	我原來想有一天活不下去了就燒炭自殺 但是我現在想提前上吊
1209	1	当服务员半天，不想做了。想去跳楼。
1210	1	居然羡慕在家休学的，真是……而我什么都不敢。真是。 想直接淹死算了 又想挣扎着游上来。 妈的烦
1211	1	有人愿意带上我一起走吗，我一个人有点怕，我害怕孤独
1212	1	饭，跳楼着地的瞬间一定不怎么好看吧，我一点都不想选这个方式离开，可是好像我现在只剩下这个方式了
1213	1	意外知道这个微博，翻过来看，看得眼泪掉下来了，想自杀，想割腕，想割腕，想割腕，想割腕，不能死，不能死，不能死
1214	1	我为什么要活着？饭饭，你告诉我，从几楼跳下可以摔死？摔死了是不是很丑？
1215	1	我很怂啊不敢割腕不敢跳楼 吃安眠药应该不会很痛苦吧
1216	1	所以说我应该是烧炭还是跳楼 跳楼很疼 烧炭的话还要买碳
1217	1	办公室在12楼，每次走到窗边，都想跳下去[悲伤]
1218	1	家在12楼，每次走到窗边，都想跳下去
1219	1	每天喝边跑步的时候 都想直接跳下去
1220	1	死死死死死死死死死死死死死死死死死死死死死死死死死死死死死死死死死死死死死死死死死死死死死死死死死死死死死死死死死死死死死死死死死死死死死死死死死死死死死死死死死死死死死死死死死死死死死死死死死死死死死死死死死死死死死死死死死死死死死死死死
1221	1	跳楼很惨
1222	1	胳膊上一刀又一刀 怂的不敢割腕
1223	1	我特么跟他情人节&nbsp;&nbsp;约会是不是要带一把刀放包里 生怕他骗我 反正都想死了 不如一起死了吧 好不好 情人节那天就结束一切 我怕了 可我又不想失去爱情 我犯贱 可他非要不放弃要约我 陪我 我说放弃了他不肯 为什么
1224	1	然后烧炭不
1225	1	好想明天去上班就从从公司的8楼跳下去。。。。。等他们走后。。。。。。可是又好怕他们有阴影[委屈]
1226	1	我特别想跟我妈说说心里话，我想告诉她我真实的状态。想让她知道我每天头晕头痛难受的要死，想跟她说我每晚都很崩溃哭的一塌糊涂，想把手上的伤疤展示给她看想让我知道我时常想割腕，想让她明白我有可能随时都会离去好有个心理准备。但是啊我妈太不可靠了，所以我什么也不能说
1227	1	本来已经买好渭南的车票了，终究没有勇气踏上去，希望下次能以一名单纯的游客登上华山吧，
1228	1	跳崖，让任何人也找不到自己的遗体！突然是这么让人羡慕的事情！就让他在深渊消逝，回归自然！不用什么遗体追悼会，什么邻居议论！我不用！我只想沉默的离开！
1229	1	今天无意间听到，你老是挣钱不花钱，为什么啊，有意思吗，是啊，有意思吗，我也不知道挣钱不花，为什么，感觉自己和行尸走肉一样，所以我想问问，怎样自杀才没有疼痛，还能留全尸
1230	1	31岁，抑郁7年，折腾了小半辈子，一无所有了，什么都没有了，药停，饭不吃了，要走了，找个桥洞，能死在天桥洞下也是好的
1231	1	不想要别人死，自己却想过无数种死法，我该是多惭愧
1232	1	如果有一天真的要离开这个世界，希望可以约上这里面的小伙伴，毕竟都是善良的人，不像外面对我敌意那么重，我就快崩塌了
1233	1	想死又不想留这么死，死之前先弄死几个人吧，心里是挺变态的，死也不要被警察抓到，自杀就好了。
1234	1	医生跟我说吃药会好起来的，可是结果呢？天天睡觉，昏昏沉沉，唉～想死都死不了，为了家人活得跟行尸走肉一般，太痛苦了
1235	1	我觉得是一个人去深山老林，死不死多久死听天命的那种
1236	1	对，一起下地狱吧
1237	1	十分钟后跳楼自杀
1238	1	我准备写遗书了
1239	1	我该怎么写遗书呢我该怎么走呢
1240	1	听说安眠药过量死前会特别特别难受 真的好压抑
1241	1	第三次割腕
1242	1	怎么不打扰别人然后离开这个讨厌的世界？
1243	0	可不仅仅是丧
1244	0	我的耳朵里好多人在说话
1245	0	晚安
1246	0	我只是觉得我和大家不一样 和每一个人都不一样 我好不合群
1247	0	再等一等好吗？想象的解脱并不是真实的 是你想的
1248	0	晚安
1249	0	我准备好了
